Р°Р±СЂРёРєРѕСЃРѕРІРѕРµ РІР°СЂРµРЅСЊРµ,Рі
Р°Р±СЂРёРєРѕСЃРѕРІРѕРµ РїСЋСЂРµ,Рі
Р°Р±СЂРёРєРѕСЃРѕРІС‹Р№ РґР¶РµРј,Рі
Р°Р±СЂРёРєРѕСЃРѕРІС‹Р№ СЃРѕРє,СЃС‚Р°РєР°РЅ
Р°Р±СЂРёРєРѕСЃС‹,Рі
Р°Р±СЂРёРєРѕСЃС‹ РєРѕРЅСЃРµСЂРІРёСЂРѕРІР°РЅРЅС‹Рµ,Рі
Р°РІРѕРєР°РґРѕ,РїРѕ РІРєСѓСЃСѓ
Р°РіР°РІР° СЃРёСЂРѕРї,Рі
Р°РіР°СЂ-Р°РіР°СЂ,Рі
Р°РіСЂР°Рј,Рі
Р°РґР¶РёРєР°,Рі
Р°РґР¶РёРєР° Р·РµР»РµРЅР°СЏ,Рі
Р°Р№РІР°,РїРѕ РІРєСѓСЃСѓ
Р°Р№РІРѕРІРѕРµ РїСЋСЂРµ,Рі
Р°Р№СЂР°РЅ,Рі
Р°Р№СЃРёРЅРі,Рі
Р°РєСѓР»Р° СЃС‚РµР№РєРё,Рі
Р°Р»РєРѕРіРѕР»СЊ,СЃС‚Р°РєР°РЅ
Р°Р»РєРѕРіРѕР»СЊ РєСЂРµРїРєРёР№,СЃС‚. Р».
Р°Р»С‹С‡Р°,Рі
Р°Р»СЊР±СѓС…Р°СЂР°,С€С‚.
Р°Р»СЊРјРµС…Рё,Рі
Р°РјР°СЂР°РЅС‚РѕРІР°СЏ РјСѓРєР°,Рі
Р°РЅР°РЅР°СЃРѕРІС‹Р№ СЃРёСЂРѕРї,Рі
Р°РЅР°РЅР°СЃРѕРІС‹Р№ СЃРѕРє,Рі
Р°РЅР°РЅР°СЃС‹,Рі
Р°РЅР°РЅР°СЃС‹ РІСЏР»РµРЅС‹Рµ,Рі
Р°РЅР°РЅР°СЃС‹ РєРѕРЅСЃРµСЂРІРёСЂРѕРІР°РЅРЅС‹Рµ,РїРѕ РІРєСѓСЃСѓ
Р°РЅРёСЃ,РїРѕ РІРєСѓСЃСѓ
Р°РЅРёСЃ Р·РІРµР·РґРѕС‡РєРё,Рі
Р°РЅРёСЃРѕРІС‹Р№ Р»РёРєРµСЂ,РјР»
Р°РЅРёСЃ СЃРµРјРµРЅР°,Рі
Р°РЅС‡РѕСѓСЃС‹,Рі
Р°РїРµР»СЊСЃРёРЅРѕРІР°СЏ РІРѕРґР°,Рі
Р°РїРµР»СЊСЃРёРЅРѕРІР°СЏ С†РµРґСЂР°,Рі
Р°РїРµР»СЊСЃРёРЅРѕРІР°СЏ СЌСЃСЃРµРЅС†РёСЏ,С‡. Р».
Р°РїРµР»СЊСЃРёРЅРѕРІРѕРµ РІР°СЂРµРЅСЊРµ,Рі
Р°РїРµР»СЊСЃРёРЅРѕРІС‹Рµ С†СѓРєР°С‚С‹,Рі
Р°РїРµР»СЊСЃРёРЅРѕРІС‹Р№ РґР¶РµРј,Рі
Р°РїРµР»СЊСЃРёРЅРѕРІС‹Р№ РґР¶РµРј СЃ РёРјР±РёСЂРµРј,Рі
Р°РїРµР»СЊСЃРёРЅРѕРІС‹Р№ Р»РёРєРµСЂ,Рі
Р°РїРµР»СЊСЃРёРЅРѕРІС‹Р№ СЃРёСЂРѕРї,СЃС‚Р°РєР°РЅ
Р°РїРµР»СЊСЃРёРЅРѕРІС‹Р№ СЃРѕРє,РїРѕ РІРєСѓСЃСѓ
Р°РїРµР»СЊСЃРёРЅРѕРІС‹Р№ СЃРѕРє СЃРІРµР¶РµРІС‹Р¶Р°С‚С‹Р№,Рі
Р°РїРµР»СЊСЃРёРЅРѕРІС‹Р№ СѓРєСЃСѓСЃ,СЃС‚. Р».
Р°РїРµР»СЊСЃРёРЅРѕРІС‹Р№ СЌРєСЃС‚СЂР°РєС‚,С‡. Р».
Р°РїРµР»СЊСЃРёРЅС‹,Рі
Р°РїРµР»СЊСЃРёРЅС‹ РєСЂР°СЃРЅС‹Рµ,С€С‚.
Р°РїРµР»СЊСЃРёРЅС‹ РєСЂСѓРїРЅС‹Рµ,С€С‚.
Р°СЂР°С…РёСЃ,Рі
Р°СЂР°С…РёСЃ Р¶Р°СЂРµРЅС‹Р№,Рі
Р°СЂР°С…РёСЃРѕРІР°СЏ РїР°СЃС‚Р°,Рі
Р°СЂР°С…РёСЃРѕРІРѕРµ РјР°СЃР»Рѕ,Рі
Р°СЂР°С…РёСЃ СЃРѕР»РµРЅС‹Р№,Рі
Р°СЂР±СѓР·РЅР°СЏ РјСЏРєРѕС‚СЊ,Рі
Р°СЂР±СѓР·С‹,Рі
Р°СЂРіР°РЅРѕРІРѕРµ РјР°СЃР»Рѕ,Рі
Р°СЂРёС€С‚Р°,Рі
Р°СЂРѕРјР°С‚РёР·Р°С‚РѕСЂ,Рі
"Р°СЂРѕРјР°С‚РёР·Р°С‚РѕСЂ ""Р°РЅР°РЅР°СЃ"",РїРѕ РІРєСѓСЃСѓ"
"Р°СЂРѕРјР°С‚РёР·Р°С‚РѕСЂ ""РІРёС€РЅСЏ"",РєР°РїР»СЏ"
"Р°СЂРѕРјР°С‚РёР·Р°С‚РѕСЂ ""РјР°Р»РёРЅР°"",РєР°РїР»СЏ"
"Р°СЂРѕРјР°С‚РёР·Р°С‚РѕСЂ ""СЂРѕРј"",Рі"
Р°СЂС‚РёС€РѕРєРё,Рі
Р°СЂС‚РёС€РѕРєРё РІ РјР°СЃР»Рµ,Рі
Р°СЂС‚РёС€РѕРєРё РјР°СЂРёРЅРѕРІР°РЅРЅС‹Рµ,Рі
Р°СЃРїРёСЂРёРЅ,С€С‚.
Р°СЃСЃРѕСЂС‚Рё РјСЏСЃРЅРѕРµ,Рі
Р°СЃСЃРѕСЂС‚Рё РѕРІРѕС‰РЅРѕРµ,Рі
Р°СЃСЃРѕСЂС‚Рё С„СЂСѓРєС‚РѕРІРѕРµ,Рі
Р°СЃСЃРѕСЂС‚Рё СЏРіРѕРґРЅРѕРµ,Рі
Р°С€Рё,Рі
Р±Р°РіРµС‚,Рі
Р±Р°РіРµС‚ РІС‡РµСЂР°С€РЅРёР№,Рі
Р±Р°РіРµС‚ РјРёРЅРё,Рі
Р±Р°РґР°РЅ,Р·РІРµР·РґРѕС‡РєР°
Р±Р°РґСЊСЏРЅ,С‰РµРїРѕС‚РєР°
Р±Р°Р·РёР»РёРє Р»РёРјРѕРЅРЅС‹Р№,Рі
Р±Р°Р·РёР»РёРє СЃРІРµР¶РёР№,Рі
Р±Р°Р·РёР»РёРє СЃСѓС€РµРЅС‹Р№,Рі
Р±Р°Р·РёР»РёРє С‚Р°Р№СЃРєРёР№,РіРѕСЂСЃС‚СЊ
Р±Р°Р·РёР»РёРє С„РёРѕР»РµС‚РѕРІС‹Р№,Рі
Р±Р°РєР»Р°Р¶Р°РЅС‹,РїРѕ РІРєСѓСЃСѓ
Р±Р°РєР»Р°Р¶Р°РЅС‹ РјРёРЅРё,Рі
Р±Р°РєР»Р°Р¶Р°РЅС‹ С‚Р°Р№СЃРєРёРµ,Рі
Р±Р°Р»С‹Рє,Рі
Р±Р°Р»СЊР·Р°Рј,Рі
Р±Р°Р»СЊР·Р°РјРёС‡РµСЃРєРёР№ РєСЂРµРј,СЃС‚Р°РєР°РЅ
Р±Р°Р»СЊР·Р°РјРёС‡РµСЃРєРёР№ СЃРѕСѓСЃ,СЃС‚. Р».
Р±Р°Р»СЊР·Р°РјРёС‡РµСЃРєРёР№ СѓРєСЃСѓСЃ,СЃС‚Р°РєР°РЅ
Р±Р°Р»СЊР·Р°Рј СЂРёР¶СЃРєРёР№ С‡РµСЂРЅС‹Р№,СЃС‚. Р».
Р±Р°РјРёСЏ,Рі
Р±Р°РЅР°РЅРѕРІРѕРµ РїСЋСЂРµ,Рі
Р±Р°РЅР°РЅРѕРІС‹Рµ С‡РёРїСЃС‹,РіРѕСЂСЃС‚СЊ
Р±Р°РЅР°РЅРѕРІС‹Р№ Р·РµР»РµРЅС‹Р№ СЃРёСЂРѕРї,РјР»
Р±Р°РЅР°РЅРѕРІС‹Р№ Р»РёРєРµСЂ,РјР»
Р±Р°РЅР°РЅС‹,Рі
Р±Р°РЅР°РЅС‹ РјРёРЅРё,Рі
Р±Р°СЂР°Р±СѓР»СЊРєР°,Рі
Р±Р°СЂР°РЅРёР№ Р»РёРІРµСЂ,Рі
Р±Р°СЂР°РЅРёР№ РѕРєРѕСЂРѕРє РЅР° РєРѕСЃС‚РѕС‡РєРµ,РєСѓСЃРѕРє
Р±Р°СЂР°РЅРёР№ С„Р°СЂС€,Рі
Р±Р°СЂР°РЅРёРЅР°,Рі
Р±Р°СЂР°РЅРєРё,Рі
Р±Р°СЂР°РЅСЊРё Р°РЅС‚СЂРµРєРѕС‚С‹,РєРі
Р±Р°СЂР°РЅСЊРё РіРѕР»СЏС€РєРё,С€С‚.
Р±Р°СЂР°РЅСЊРё РїРѕС‚СЂРѕС…Р°,РєРі
Р±Р°СЂР°РЅСЊРё СЂРµР±СЂС‹С€РєРё,С€С‚.
Р±Р°СЂР°РЅСЊСЏ Р»РѕРїР°С‚РєР°,РєРі
Р±Р°СЂР°РЅСЊСЏ РЅРѕРіР°,Рі
Р±Р°СЂР°РЅСЊСЏ РїРµС‡РµРЅСЊ,Рі
Р±Р°СЂР±Р°СЂРёСЃ,Рі
Р±Р°СЂР±Р°СЂРёСЃ РІСЏР»РµРЅС‹Р№,СЃС‚. Р».
Р±Р°СЂР±Р°СЂРёСЃ РјРѕР»РѕС‚С‹Р№,Рі
Р±Р°СЃС‚СѓСЂРјР°,Рі
Р±Р°С‚Р°С‚,Рі
Р±Р°С‚РѕРЅ,Рі
Р±Р°С‚РѕРЅС‡РёРєРё С€РѕРєРѕР»Р°РґРЅС‹Рµ,Рі
Р±РµР·Рµ,Рі
Р±РµРєРѕРЅ,РїРѕ РІРєСѓСЃСѓ
Р±РµРєРѕРЅ РІР°СЂРµРЅРѕ-РєРѕРїС‡РµРЅС‹Р№,Рі
Р±РµРєРѕРЅ СЃС‹СЂРѕРєРѕРїС‡РµРЅС‹Р№,Рі
Р±РµР»РѕСЂС‹Р±РёС†Р°,Рі
Р±РёСЂРЅРµР»СЊ,РјР»
Р±РёСЃРєРІРёРє СЃРјРµСЃСЊ РіРѕС‚РѕРІР°СЏ,РїР°РєРµС‚
Р±РёСЃРєРІРёС‚,Рі
Р±РёСЃРєРІРёС‚РЅР°СЏ РєСЂРѕС€РєР°,Рі
Р±РёСЃРєРІРёС‚РЅС‹Р№ РєРѕСЂР¶,Рі
Р±РёСЃРєРІРёС‚РЅС‹Р№ СЂСѓР»РµС‚,Рі
Р±РёСЃРєРІРёС‚ С€РѕРєРѕР»Р°РґРЅС‹Р№,Рі
Р±РёС„С€С‚РµРєСЃ,С€С‚.
Р±Р»РёРЅРЅР°СЏ РјСѓРєР°,Рі
Р±Р»РёРЅС‹ РіРѕС‚РѕРІС‹Рµ,Рі
Р±Р»РёРЅС‹ РѕРІСЃСЏРЅС‹Рµ,С€С‚.
Р±РѕР±РѕРІС‹Рµ СЂРѕСЃС‚РєРё,Рі
Р±РѕР±С‹,Рі
Р±РѕР±С‹ РјСѓРЅРі РїСЂРѕСЂРѕС‰РµРЅРЅС‹Рµ,Рі
Р±РѕР±С‹ С‚РѕРЅРєР°,С€С‚.
Р±РѕС‚Р°СЂРіР°,Рі
Р±СЂРµР·Р°РѕР»Р°,Рі
Р±СЂРµРЅРґРё,Рі
Р±СЂРѕРєРєРѕР»Рё Р·Р°РјРѕСЂРѕР¶РµРЅРЅР°СЏ,Рі
Р±СЂРѕРєРєРѕР»Рё СЃРІРµР¶Р°СЏ,Рі
Р±СЂСѓСЃРЅРёРєР° Р·Р°РјРѕСЂРѕР¶РµРЅРЅР°СЏ,Рі
Р±СЂСѓСЃРЅРёРєР° СЃРІРµР¶Р°СЏ,Рі
Р±СЂСѓСЃРЅРёРєР° СЃСѓС€РµРЅР°СЏ,Рі
Р±СЂСѓСЃРЅРёС‡РЅРѕРµ РІР°СЂРµРЅСЊРµ,Рі
Р±СЂСѓСЃРЅРёС‡РЅС‹Р№ СЃРѕСѓСЃ,Рі
Р±СЂС‹РЅР·Р°,РїРѕ РІРєСѓСЃСѓ
Р±СЂС‹РЅР·Р° СЃРµСЂР±СЃРєР°СЏ,Рі
Р±СЂСЋРєРІР°,Рі
Р±СѓР¶РµРЅРёРЅР°,Рі
Р±СѓР·РёРЅР° СЃРёСЂРѕРї,СЃС‚. Р».
Р±СѓРєРµС‚ РіР°СЂРЅРё,РїСѓС‡РѕРє
Р±СѓР»РіСѓСЂ,Рі
Р±СѓР»РєР°,РєСѓСЃРѕРє
Р±СѓР»РєР° Р±РµР»Р°СЏ,Рі
Р±СѓР»РєР° СЃРґРѕР±РЅР°СЏ,Рі
Р±СѓР»РѕС‡РєРё,Рі
Р±СѓР»РѕС‡РєРё Р±РµР»С‹Рµ С‡РµСЂСЃС‚РІС‹Рµ,Рі
Р±СѓР»РѕС‡РєРё Р±СЂРёРѕС€СЊ,С€С‚.
Р±СѓР»РѕС‡РєРё РІС‡РµСЂР°С€РЅРёРµ,С€С‚.
Р±СѓР»РѕС‡РєРё РґР»СЏ РіР°РјР±СѓСЂРіРµСЂРѕРІ,С€С‚.
Р±СѓР»РѕС‡РєРё Р·РµСЂРЅРѕРІС‹Рµ,С€С‚.
Р±СѓР»РѕС‡РєРё СЂР¶Р°РЅС‹Рµ,РєСѓСЃРѕРє
Р±СѓР»РѕС‡РєРё СЃ РєСѓРЅР¶СѓС‚РѕРј,С€С‚.
Р±СѓР»СЊРѕРЅ,Рі
Р±СѓР»СЊРѕРЅРЅС‹Рµ РєСѓР±РёРєРё,Рі
Р±СѓСЂР±РѕРЅ,Рі
Р‘СѓСЂСЂР°С‚Р°,Рі
Р±СѓСЂСЏРє,Рі
Р±СѓСЃРёРЅРєРё РєРѕРЅРґРёС‚РµСЂСЃРєРёРµ,С‡. Р».
Р±СѓСЃРёРЅРєРё РєРѕРЅРґРёС‚РµСЂСЃРєРёРµ СЃРµСЂРµР±СЂСЏРЅС‹Рµ,РїРѕ РІРєСѓСЃСѓ
Р±С‹С‡РёР№ С…РІРѕСЃС‚,Рі
РІР°РЅРёР»РёРЅ,Рі
РІР°РЅРёР»СЊ РІ СЃС‚СЂСѓС‡РєР°С…,Рі
РІР°РЅРёР»СЊРЅР°СЏ РЅР°СЃС‚РѕР№РєР°,СЃС‚. Р».
РІР°РЅРёР»СЊРЅР°СЏ СЌСЃСЃРµРЅС†РёСЏ,Рі
РІР°РЅРёР»СЊРЅС‹Р№ РїРѕСЂРѕС€РѕРє,Рі
РІР°РЅРёР»СЊРЅС‹Р№ СЃРёСЂРѕРї,Рі
РІР°РЅРёР»СЊРЅС‹Р№ СЌРєСЃС‚СЂР°РєС‚,РїРѕ РІРєСѓСЃСѓ
РІР°СЂРµРЅСЊРµ,Рі
РІР°СЃР°Р±Рё,Рі
РІР°С„РµР»СЊРЅР°СЏ РєСЂРѕС€РєР°,Рі
РІР°С„РµР»СЊРЅС‹Рµ РєРѕСЂР¶Рё,Рі
РІР°С„РµР»СЊРЅС‹Рµ С‚СЂСѓР±РѕС‡РєРё,Рі
РІР°С„Р»Рё,Рі
РІР°С„Р»Рё С€РѕРєРѕР»Р°РґРЅС‹Рµ,Рі
РІРµСЂРјРёС€РµР»СЊ,Рі
РІРµСЂРјРёС€РµР»СЊ СЏРёС‡РЅР°СЏ,Рі
РІРµСЂРјСѓС‚,Рі
РІРµСЂРјСѓС‚ Р±РµР»С‹Р№,Рі
РІРµСЂРјСѓС‚ СЃСѓС…РѕР№,Рі
РІРµС‚С‡РёРЅР°,Рі
РІРµС‚С‡РёРЅР° РІР°СЂРµРЅР°СЏ,Рі
РІРµС‚С‡РёРЅР° РІР°СЂРµРЅРѕ-РєРѕРїС‡РµРЅР°СЏ,РєСѓСЃРѕРє
РІРµС‚С‡РёРЅР° РєРѕРїС‡РµРЅР°СЏ,Рі
РІРµС‚С‡РёРЅР° РїР°СЂРјСЃРєР°СЏ,Рі
РІРµС‚С‡РёРЅР° СЃС‹СЂРѕРєРѕРїС‡РµРЅР°СЏ,Рі
РІРµС€РµРЅРєРё,Рі
РІРёРЅРµРіСЂРµС‚,Рі
РІРёРЅРЅС‹Р№ РєР°РјРµРЅСЊ,С‰РµРїРѕС‚РєР°
РІРёРЅРЅС‹Р№ СѓРєСЃСѓСЃ,Рі
РІРёРЅРЅС‹Р№ СѓРєСЃСѓСЃ Р±РµР»С‹Р№,Рі
РІРёРЅРЅС‹Р№ СѓРєСЃСѓСЃ РєСЂР°СЃРЅС‹Р№,С‡. Р».
РІРёРЅРЅС‹Р№ СѓРєСЃСѓСЃ РЅР° С‡РµСЃРЅРѕРєРµ,С‡. Р».
РІРёРЅРЅС‹Р№ СѓРєСЃСѓСЃ РЅР° СЌСЃС‚СЂР°РіРѕРЅРµ,СЃС‚. Р».
РІРёРЅРѕ Р±РµР»РѕРµ,РїРѕ РІРєСѓСЃСѓ
РІРёРЅРѕ Р±РµР»РѕРµ РїРѕР»СѓСЃР»Р°РґРєРѕРµ,Рі
РІРёРЅРѕ Р±РµР»РѕРµ РїРѕР»СѓСЃСѓС…РѕРµ,Рі
РІРёРЅРѕ Р±РµР»РѕРµ СЃР»Р°РґРєРѕРµ,Рі
РІРёРЅРѕ Р±РµР»РѕРµ СЃС‚РѕР»РѕРІРѕРµ,СЃС‚Р°РєР°РЅ
РІРёРЅРѕ Р±РµР»РѕРµ СЃСѓС…РѕРµ,Рі
РІРёРЅРѕРіСЂР°Рґ,Рі
РІРёРЅРѕРіСЂР°Рґ Р±РµР· РєРѕСЃС‚РѕС‡РµРє,Рі
РІРёРЅРѕРіСЂР°Рґ Р±РµР»С‹Р№,Рі
РІРёРЅРѕРіСЂР°Рґ РёР·Р°Р±РµР»Р»Р°,РєРі
РІРёРЅРѕРіСЂР°РґРЅРѕРµ Р¶РµР»Рµ,СЃС‚. Р».
РІРёРЅРѕРіСЂР°РґРЅС‹Рµ Р»РёСЃС‚СЊСЏ,Рі
РІРёРЅРѕРіСЂР°РґРЅС‹Рµ Р»РёСЃС‚СЊСЏ РјР°СЂРёРЅРѕРІР°РЅРЅС‹Рµ,Рі
РІРёРЅРѕРіСЂР°РґРЅС‹Рµ Р»РёСЃС‚СЊСЏ РјРѕР»РѕРґС‹Рµ,С€С‚.
РІРёРЅРѕРіСЂР°РґРЅС‹Р№ СЃРѕРє,Рі
РІРёРЅРѕРіСЂР°РґРЅС‹Р№ СЃРѕРє РѕСЃРІРµС‚Р»РµРЅРЅС‹Р№,С‡. Р».
РІРёРЅРѕРіСЂР°Рґ СЃРёРЅРёР№,Рі
РІРёРЅРѕРіСЂР°Рґ С‡РµСЂРЅС‹Р№,Рі
РІРёРЅРѕ РґРµСЃРµСЂС‚РЅРѕРµ,Рі
РІРёРЅРѕ РёРіСЂРёСЃС‚РѕРµ СЃСѓС…РѕРµ,Рі
РІРёРЅРѕ РєСЂР°СЃРЅРѕРµ,Рі
РІРёРЅРѕ РєСЂР°СЃРЅРѕРµ РїРѕР»СѓСЃР»Р°РґРєРѕРµ,Рі
РІРёРЅРѕ РєСЂР°СЃРЅРѕРµ РїРѕР»СѓСЃСѓС…РѕРµ,Рі
РІРёРЅРѕ РєСЂР°СЃРЅРѕРµ СЃР»Р°РґРєРѕРµ,Рі
РІРёРЅРѕ РєСЂР°СЃРЅРѕРµ СЃСѓС…РѕРµ,Рі
РІРёРЅРѕ РєСЂРµРїР»РµРЅРѕРµ,Рі
РІРёРЅРѕ СЂРѕР·РѕРІРѕРµ РїРѕР»СѓСЃР»Р°РґРєРѕРµ,СЃС‚. Р».
РІРёРЅРѕ СЂРѕР·РѕРІРѕРµ РїРѕР»СѓСЃСѓС…РѕРµ,Рі
РІРёСЃРєРё,Рі
РІРёС‚Р°РјРёРЅ C РІ РїРѕСЂРѕС€РєРµ,Рі
РІРёС€РЅРµРІР°СЏ РЅР°СЃС‚РѕР№РєР°,РјР»
РІРёС€РЅРµРІРѕРµ РІР°СЂРµРЅСЊРµ,Рі
РІРёС€РЅРµРІС‹Рµ Р»РёСЃС‚СЊСЏ,Рі
РІРёС€РЅРµРІС‹Р№ РґР¶РµРј,Рі
РІРёС€РЅРµРІС‹Р№ Р»РёРєРµСЂ,РїРѕ РІРєСѓСЃСѓ
РІРёС€РЅРµРІС‹Р№ СЃРёСЂРѕРї,СЃС‚Р°РєР°РЅ
РІРёС€РЅРµРІС‹Р№ СЃРѕРє,Рі
РІРёС€РЅСЏ,Рі
РІРёС€РЅСЏ РІСЏР»РµРЅР°СЏ,Рі
РІРёС€РЅСЏ Р·Р°РјРѕСЂРѕР¶РµРЅРЅР°СЏ,Рі
РІРёС€РЅСЏ Р·Р°СЃР°С…Р°СЂРµРЅРЅР°СЏ РєРѕРЅРґРёС‚РµСЂСЃРєР°СЏ,С€С‚.
РІРёС€РЅСЏ РєРѕРєС‚РµР№Р»СЊРЅР°СЏ,Рі
РІРёС€РЅСЏ РјР°СЂР°СЃРєРёРЅРѕ,С€С‚.
РІРёС€РЅСЏ, РїСЂРѕС‚РµСЂС‚Р°СЏ СЃ СЃР°С…Р°СЂРѕРј,Рі
РІРѕРґР°,Рі
РІРѕРґР° РјРёРЅРµСЂР°Р»СЊРЅР°СЏ Р±РµР· РіР°Р·Р°,СЃС‚Р°РєР°РЅ
РІРѕРґР° РјРёРЅРµСЂР°Р»СЊРЅР°СЏ РіР°Р·РёСЂРѕРІР°РЅРЅР°СЏ,Рі
РІРѕРґРєР°,Рі
РІРѕРґРєР° Р°РЅРёСЃРѕРІР°СЏ,С‡. Р».
РІРѕРґРѕСЂРѕСЃР»Рё,Рі
РІСѓСЃС‚РµСЂС€РёСЂСЃРєРёР№ СЃРѕСѓСЃ,Рі
РіР°Р»Р°РЅРіР°Р» РєРѕСЂРµРЅСЊ,РґРѕР»СЊРєР°
РіР°Р»РµС‚С‹,Рі
РіР°РјР±СѓСЂРіРµСЂ,Рі
РіР°РЅР°С€,Рі
РіР°СЂР°Рј РјР°СЃР°Р»Р°,Рі
РіР°СЂРЅРёСЂ,Рі
РіР°СЃРїР°С‡Рѕ,Рі
РіРІРѕР·РґРёРєР°,Рі
РіРІРѕР·РґРёРєР° РјРѕР»РѕС‚Р°СЏ,РїРѕ РІРєСѓСЃСѓ
РіРµСЂР°РЅСЊ Р»РёСЃС‚СЊСЏ,Рі
РіРµСЂРєСѓР»РµСЃ,Рі
РіР»Р°Р·СѓСЂСЊ,Рі
РіР»Р°Р·СѓСЂСЊ Р±РµР»Р°СЏ,Рі
РіР»Р°Р·СѓСЂСЊ РіРѕС‚РѕРІР°СЏ,РїРѕ РІРєСѓСЃСѓ
РіР»Р°Р·СѓСЂСЊ С‡РµСЂРЅР°СЏ,РїРѕ РІРєСѓСЃСѓ
РіР»Р°Р·СѓСЂСЊ С€РѕРєРѕР»Р°РґРЅР°СЏ Р±РµР»Р°СЏ,Рі
РіР»СѓС‚Р°РјР°С‚ РЅР°С‚СЂРёСЏ,Рі
РіР»СЋРєРѕР·Р°,Рі
РіР»СЋРєРѕР·Р° СЃРёСЂРѕРї,Рі
РіРѕРІСЏРґРёРЅР°,Рі
РіРѕРІСЏРґРёРЅР° РЅР° РєРѕСЃС‚Рё,Рі
РіРѕРІСЏР¶РёР№ С„Р°СЂС€,РїРѕ РІРєСѓСЃСѓ
РіРѕРІСЏР¶РёР№ СЏР·С‹Рє,Рі
РіРѕРІСЏР¶СЊРµ СЃРµСЂРґС†Рµ,РїРѕ РІРєСѓСЃСѓ
РіРѕРІСЏР¶СЊРё Р±РёС„С€С‚РµРєСЃС‹,Рі
РіРѕРІСЏР¶СЊРё РіРѕР»СЏС€РєРё,Рі
РіРѕРІСЏР¶СЊРё Р»РµРіРєРёРµ,Рі
РіРѕРІСЏР¶СЊРё СЂРµР±СЂР°,Рі
РіРѕРІСЏР¶СЊРё СЃС‚РµР№РєРё СЂРёР±Р°Р№,Рі
РіРѕРІСЏР¶СЊСЏ РІС‹СЂРµР·РєР°,С€С‚.
РіРѕРІСЏР¶СЊСЏ РіСЂСѓРґРёРЅРєР°,РєРі
РіРѕРІСЏР¶СЊСЏ Р»РѕРїР°С‚РєР°,Рі
РіРѕРІСЏР¶СЊСЏ РјРѕР·РіРѕРІР°СЏ РєРѕСЃС‚СЊ,С€С‚.
РіРѕРІСЏР¶СЊСЏ РјСЏРєРѕС‚СЊ,РєРі
РіРѕРІСЏР¶СЊСЏ РїРµС‡РµРЅСЊ,С€С‚.
РіРѕРІСЏР¶СЊСЏ С‡РµСЂРµРІР°,Рі
РіРѕРІСЏР¶СЊСЏ С€РµР№РєР°,РєРі
РіРѕРґР¶Рё,Рі
РіРѕР»РµС† С„РёР»Рµ,С€С‚.
РіРѕР»СѓР±РёРєР°,Рі
РіРѕР»СѓР±РёРєР° Р·Р°РјРѕСЂРѕР¶РµРЅРЅР°СЏ,Рі
РіРѕР»СѓР±СЊ,Рі
РіРѕСЂР±СѓС€Р°,РїРѕ РІРєСѓСЃСѓ
РіРѕСЂР±СѓС€Р° РІ СЃРѕР±СЃС‚РІРµРЅРЅРѕРј СЃРѕРєСѓ,Р±Р°РЅРєР°
РіРѕСЂР±СѓС€Р° С„РёР»Рµ,Рі
РіРѕСЂРіРѕРЅР·РѕР»Р°,Рі
РіРѕСЂРіРѕРЅР·РѕР»Р° РїРёРєР°РЅС‚Рµ,Рі
РіРѕСЂРѕС…,Рі
РіРѕСЂРѕС… РєРѕР»РѕС‚С‹Р№,Рі
РіРѕСЂРѕС…РѕРІС‹Рµ СЂРѕСЃС‚РєРё,РіРѕСЂСЃС‚СЊ
РіРѕСЂРѕС…РѕРІС‹Р№ СЃСѓРї,Рі
РіРѕСЂРѕС€РµРє Р·РµР»РµРЅС‹Р№,Рі
РіРѕСЂРѕС€РµРє Р·РµР»РµРЅС‹Р№ Р·Р°РјРѕСЂРѕР¶РµРЅРЅС‹Р№,Рі
РіРѕСЂРѕС€РµРє Р·РµР»РµРЅС‹Р№ РєРѕРЅСЃРµСЂРІРёСЂРѕРІР°РЅРЅС‹Р№,Рі
РіРѕСЂРѕС€РµРє СЃС‚СЂСѓС‡РєРѕРІС‹Р№ СЃРІРµР¶РёР№,Рі
РіРѕСЂС‡РёС†Р°,Рі
РіРѕСЂС‡РёС†Р° РґРёР¶РѕРЅСЃРєР°СЏ,Рі
РіРѕСЂС‡РёС†Р° РґРёР¶РѕРЅСЃРєР°СЏ СЃ РјРµРґРѕРј,Рі
РіРѕСЂС‡РёС†Р° Р¶РµР»С‚Р°СЏ СЃРµРјРµРЅР°,Рі
РіРѕСЂС‡РёС†Р° РѕСЃС‚СЂР°СЏ,Рі
РіРѕСЂС‡РёС†Р° СЂСѓСЃСЃРєР°СЏ,СЃС‚. Р».
РіРѕСЂС‡РёС†Р° СЃРµРјРµРЅР°,Рі
РіРѕСЂС‡РёС†Р° СЃ Р·РµСЂРЅР°РјРё,Рі
РіРѕСЂС‡РёС†Р° СЃСѓС…Р°СЏ,Рі
РіРѕСЂС‡РёС†Р° С„СЂР°РЅС†СѓР·СЃРєР°СЏ,Рі
РіРѕСЂС‡РёС†Р° С†РёС‚СЂСѓСЃРѕРІР°СЏ,Рі
РіРѕСЂС‡РёС‡РЅРѕРµ РјР°СЃР»Рѕ,Рі
РіРѕСЂС‡РёС‡РЅС‹Р№ РїРѕСЂРѕС€РѕРє,Рі
РіСЂР°РЅР° РїР°РґР°РЅРѕ,СЃС‚. Р».
РіСЂР°РЅР°С‚РЅС‹Рµ Р·РµСЂРЅР°,Рі
РіСЂР°РЅР°С‚РѕРІР°СЏ РїР°СЃС‚Р°,СЃС‚. Р».
РіСЂР°РЅР°С‚РѕРІС‹Р№ СЃРёСЂРѕРї,Рі
РіСЂР°РЅР°С‚РѕРІС‹Р№ СЃРѕРє,Рі
РіСЂР°РЅР°С‚РѕРІС‹Р№ СЃРѕРє СЃРІРµР¶РµРІС‹Р¶Р°С‚С‹Р№,РјР»
РіСЂР°РЅР°С‚РѕРІС‹Р№ СЃРѕСѓСЃ,С‡. Р».
РіСЂР°РЅР°С‚С‹,Рі
РіСЂР°РЅРёС‚Р°,Рі
РіСЂР°РЅРѕР»Р° СЃ РѕСЂРµС…Р°РјРё,Рі
РіСЂР°РїРїР°,С‡. Р».
РіСЂР°С‚РµРЅ,РєРі
РіСЂРµР№РїС„СЂСѓС‚РѕРІР°СЏ С†РµРґСЂР°,Рі
РіСЂРµР№РїС„СЂСѓС‚РѕРІС‹Р№ СЃРѕРє,Рі
РіСЂРµР№РїС„СЂСѓС‚С‹,Рі
РіСЂРµР№РїС„СЂСѓС‚С‹ СЂРѕР·РѕРІС‹Рµ,Рі
РіСЂРµРЅР°РґРёРЅ,Рі
РіСЂРµРЅРєРё,Рі
РіСЂРµС†РєРёРµ РѕСЂРµС…Рё,Рі
РіСЂРµС†РєРёРµ РѕСЂРµС…Рё СЂСѓР±Р»РµРЅС‹Рµ,Рі
РіСЂРµС‡РЅРµРІР°СЏ РєСЂСѓРїР°,Рі
РіСЂРµС‡РЅРµРІР°СЏ РєСЂСѓРїР° Р·РµР»РµРЅР°СЏ,СЃС‚. Р».
РіСЂРµС‡РЅРµРІР°СЏ Р»Р°РїС€Р° СЃРѕР±Р°,Рі
РіСЂРµС‡РЅРµРІР°СЏ РјСѓРєР°,Рі
РіСЂРµС‡РЅРµРІРѕРµ РјРѕР»РѕРєРѕ,СЃС‚Р°РєР°РЅ
РіСЂРµС‡РЅРµРІС‹Рµ С…Р»РѕРїСЊСЏ,Рі
РіСЂРёР±С‹,Рі
РіСЂРёР±С‹ Р±РµР»С‹Рµ,Рі
РіСЂРёР±С‹ Р±РµР»С‹Рµ Р·Р°РјРѕСЂРѕР¶РµРЅРЅС‹Рµ,Рі
РіСЂРёР±С‹ Р±РµР»С‹Рµ РјР°СЂРёРЅРѕРІР°РЅРЅС‹Рµ,Рі
РіСЂРёР±С‹ Р±РµР»С‹Рµ СЃСѓС…РёРµ,Рі
РіСЂРёР±С‹ Р·Р°РјРѕСЂРѕР¶РµРЅРЅС‹Рµ,Рі
РіСЂРёР±С‹ Р·Р°РјРѕСЂРѕР¶РµРЅРЅС‹Рµ (РѕРїСЏС‚Р° Рё РјР°СЃР»СЏС‚Р°),Рі
РіСЂРёР±С‹ Р»РµСЃРЅС‹Рµ,Рі
РіСЂРёР±С‹ РјР°СЂРёРЅРѕРІР°РЅРЅС‹Рµ,Рі
РіСЂРёР±С‹ СЃРІРµР¶РёРµ,Рі
РіСЂРёР±С‹ СЃРѕР»РµРЅС‹Рµ,Рі
РіСЂРёР±С‹ СЃРѕР»РѕРјРµРЅРЅС‹Рµ РєРѕРЅСЃРµСЂРІРёСЂРѕРІР°РЅРЅС‹Рµ,С€С‚.
РіСЂРёР±С‹ СЃСѓС…РёРµ,Рі
РіСЂРёР±С‹ С€РёРёС‚Р°РєРµ,Рі
РіСЂРёР±С‹ С€РёРёС‚Р°РєРµ СЃСѓС…РёРµ,Рі
РіСЂРёР»СЊ,Рі
РіСЂРёСЃСЃРёРЅРё,Рі
РіСЂСѓРґРёРЅРєР°,Рі
РіСЂСѓРґРёРЅРєР° РІР°СЂРµРЅРѕ-РєРѕРїС‡РµРЅР°СЏ,Рі
РіСЂСѓРґРёРЅРєР° РєРѕРїС‡РµРЅР°СЏ,РїРѕ РІРєСѓСЃСѓ
РіСЂСѓС€РµРІРѕРµ РїСЋСЂРµ,Рі
РіСЂСѓС€РµРІС‹Р№ Р»РёРєРµСЂ,РјР»
РіСЂСѓС€РµРІС‹Р№ СЃРёСЂРѕРї,РјР»
РіСЂСѓС€РµРІС‹Р№ СЃРѕРє,Рі
РіСЂСѓС€РµРІС‹Р№ СѓРєСЃСѓСЃ,СЃС‚. Р».
РіСЂСѓС€Рё,РїРѕ РІРєСѓСЃСѓ
РіСЂСѓС€Рё РІСЏР»РµРЅС‹Рµ,Рі
РіСЂСЋР№РµСЂ,Рі
РіСѓР°РІР°,С€С‚.
РіСѓР°РЅС‡РёР°Р»Рµ,Рі
РіСѓСЂСЊРµРІСЃРєР°СЏ РєР°С€Р°,Рі
РіСѓСЃРёРЅР°СЏ РіСЂСѓРґРєР° РєРѕРїС‡РµРЅР°СЏ,Рі
РіСѓСЃРёРЅР°СЏ РїРµС‡РµРЅСЊ,Рі
РіСѓСЃРёРЅС‹Р№ Р¶РёСЂ,СЃС‚. Р».
РіСѓСЃСЊ,Рі
РіСѓСЃСЊ С‚СѓС€РєР°,РєРі
РґР°Р№РєРѕРЅ,Рі
РґРµС‚СЃРєРѕРµ РїРёС‚Р°РЅРёРµ,Рі
РґР¶РµРј,Рі
РґР¶РёРЅ,Рі
РґР¶СѓСЃР°Р№,Рі
РґРёРѕРєСЃРёРґ С‚РёС‚Р°РЅР°,Рі
РґРѕР»РјР°,Рі
РґРѕСЂР°РґР°,С€С‚.
РґРѕСЂР°РґР° РїРѕС‚СЂРѕС€РµРЅР°СЏ СЃ РіРѕР»РѕРІРѕР№,С€С‚.
РґРѕСЂР°РґР° СЃ РіРѕР»РѕРІРѕР№,С€С‚.
РґРѕСЂР°РґР° С‚СѓС€РєР°,С€С‚.
РґСЂР°Р¶Рµ,Рі
РґСЂРѕР¶Р¶Рё РґРѕРјР°С€РЅРёРµ,Рі
РґСЂРѕР¶Р¶Рё СЃРІРµР¶РёРµ,Рі
РґСЂРѕР¶Р¶Рё СЃСѓС…РёРµ,РїРѕ РІРєСѓСЃСѓ
РґСѓР±РѕРІР°СЏ РєРѕСЂР°,Рі
РґСѓС€РёС†Р°,Рі
РґС‹РЅСЏ,Рі
РµР¶РµРІРёРєР°,Рі
РµР¶РµРІРёРєР° Р·Р°РјРѕСЂРѕР¶РµРЅРЅР°СЏ,Рі
РµСЂС€,Рі
С‘СЂС€-РЅРѕСЃР°СЂСЊ,С€С‚.
Р¶РµР»Р°С‚РёРЅ,Рі
Р¶РµР»Р°С‚РёРЅ Р»РёСЃС‚РѕРІРѕР№,РїРѕ РІРєСѓСЃСѓ
Р¶РµР»Рµ,Рі
Р¶РµР»Рµ РґР»СЏ С‚РѕСЂС‚Р°,СѓРїР°РєРѕРІРєР°
Р¶РµР»РёСЂСѓСЋС‰РµРµ РІРµС‰РµСЃС‚РІРѕ,СѓРїР°РєРѕРІРєР°
Р¶РµР»РёСЂСѓСЋС‰РёР№ СЃР°С…Р°СЂ,Рі
Р¶РµРЅСЊС€РµРЅСЊ,Рі
Р¶РёРґРєРёР№ РґС‹Рј,Рі
Р¶РёРјРѕР»РѕСЃС‚СЊ,Рі
Р¶РёСЂ,Рі
Р¶РёСЂ РІС‹С‚РѕРїР»РµРЅРЅС‹Р№,СЃС‚Р°РєР°РЅ
Р¶РёСЂ РєСѓР»РёРЅР°СЂРЅС‹Р№,Рі
Р¶РёСЂ СЂР°СЃС‚РёС‚РµР»СЊРЅС‹Р№,Рі
Р·Р°Р°С‚Р°СЂ,С‰РµРїРѕС‚РєР°
Р·Р°РІС‚СЂР°Рє СЃСѓС…РѕР№,Рі
Р·Р°РІС‚СЂР°Рє СЃСѓС…РѕР№ РїРѕРґСѓС€РµС‡РєРё,Рі
Р·Р°РіСѓСЃС‚РёС‚РµР»СЊ РґР»СЏ СЃР»РёРІРѕРє,Рі
Р·Р°Р№С‡Р°С‚РёРЅР°,Рі
Р·Р°РєРІР°СЃРєР°,РїР°РєРµС‚
Р·Р°РєРІР°СЃРєР° РІРµС‡РЅР°СЏ,Рі
Р·Р°РјРµРЅРёС‚РµР»СЊ СЃР°С…Р°СЂР°,РїРѕ РІРєСѓСЃСѓ
Р·Р°РјРµРЅРёС‚РµР»СЊ СЃР°С…Р°СЂР° СЃС‚РµРІРёСЏ,Рі
Р·Р°РїСЂР°РІРєР° РґР»СЏ СЃР°Р»Р°С‚РѕРІ РіРѕС‚РѕРІР°СЏ,Рі
Р·РІРµСЂРѕР±РѕР№,РїРѕ РІРєСѓСЃСѓ
Р·РµР»РµРЅСЊ,Рі
Р·РµР»РµРЅСЊ СЂСѓР±Р»РµРЅР°СЏ,Рі
Р·РµРјР»СЏРЅРёРєР°,РїРѕ РІРєСѓСЃСѓ
Р·РµРјР»СЏРЅРёРєР° Р·Р°РјРѕСЂРѕР¶РµРЅРЅР°СЏ,Рі
Р·РµС„РёСЂ,Рі
Р·РёСЂР°,Рі
Р·Р»Р°РєРѕРІС‹Рµ С…Р»РѕРїСЊСЏ,Рі
Р·СѓР±Р°С‚РєР°,Рі
Р·СѓР±Р°С‚РєР° С„РёР»Рµ,Рі
РёР·РѕР»СЏС‚ СЃРѕРµРІРѕРіРѕ РїСЂРѕС‚РµРёРЅР°,Рі
РёР·СЋРј,Рі
РёР·СЋРј Р±РµР· РєРѕСЃС‚РѕС‡РµРє,Рі
РёР·СЋРј Р±РµР»С‹Р№,Рі
РёР·СЋРј С‡РµСЂРЅС‹Р№,Рі
РёРєСЂР°,Рі
РёРєСЂР° РІСЏР»РµРЅРѕР№ СЂС‹Р±С‹,Рі
РёРєСЂР° РіРѕСЂР±СѓС€Рё Р·РµСЂРЅРёСЃС‚Р°СЏ,Рі
РёРєСЂР° РєСЂР°СЃРЅР°СЏ,Рі
РёРєСЂР° РєСЂР°СЃРЅРѕР№ СЂС‹Р±С‹ РјРµР»РєР°СЏ,Рі
РёРєСЂР° Р»РµС‚СѓС‡РµР№ СЂС‹Р±С‹,Рі
РёРєСЂР° Р»РѕСЃРѕСЃСЏ,Рі
РёРєСЂР° РјРѕР№РІС‹,Рі
РёРєСЂР° РїР°Р»С‚СѓСЃР°,Рі
РёРєСЂР° СЃСѓРґР°РєР°,Рі
РёРєСЂР° С‡РµСЂРЅР°СЏ,Рі
РёРјР±РёСЂРЅРѕРµ РІР°СЂРµРЅСЊРµ,Рі
РёРјР±РёСЂРЅРѕРµ РїРµС‡РµРЅСЊРµ,РїРѕ РІРєСѓСЃСѓ
РёРјР±РёСЂРЅС‹Рµ С†СѓРєР°С‚С‹,СЃС‚. Р».
РёРјР±РёСЂСЊ,Рі
РёРјР±РёСЂСЊ Р·Р°СЃР°С…Р°СЂРµРЅРЅС‹Р№,Рі
РёРјР±РёСЂСЊ РєРѕСЂРµРЅСЊ,Рі
РёРјР±РёСЂСЊ РјР°СЂРёРЅРѕРІР°РЅРЅС‹Р№,Рі
РёРјР±РёСЂСЊ РјРѕР»РѕС‚С‹Р№,Рі
РёРЅРґРµР№РєР°,Рі
РёРЅРґРµР№РєР° РіРѕР»РµРЅСЊ,Рі
РёРЅРґРµР№РєР° РіСЂСѓРґРєР°,Рі
РёРЅРґРµР№РєР° РєРѕРїС‡РµРЅР°СЏ,Рі
РёРЅРґРµР№РєР° С‚СѓС€РєР°,С€С‚.
РёРЅРґРµР№РєР° С„Р°СЂС€,Рі
РёРЅРґРµР№РєР° С„РёР»Рµ,Рі
РёРЅРґРѕСѓС‚РєР°,С€С‚.
РёРЅРґСЋС€Р°С‡СЊСЏ РїРµС‡РµРЅСЊ,Рі
РёРЅР¶РёСЂ,Рі
РёРЅР¶РёСЂ СЃРІРµР¶РёР№,Рі
РёРЅР¶РёСЂ СЃСѓС€РµРЅС‹Р№,Рі
РёСЂРіР°,Рі
РёСЂРёСЃРєРё,Рі
РёС‚Р°Р»СЊСЏРЅСЃРєРёРµ С‚СЂР°РІС‹,Рі
Р№РѕРіСѓСЂС‚,Рі
Р№РѕРіСѓСЂС‚ РіСЂРµС‡РµСЃРєРёР№,Рі
Р№РѕРіСѓСЂС‚ Р¶РёСЂРЅС‹Р№,Рі
Р№РѕРіСѓСЂС‚ РєРѕР·РёР№,Рі
Р№РѕРіСѓСЂС‚ РЅР°С‚СѓСЂР°Р»СЊРЅС‹Р№,Рі
Р№РѕРіСѓСЂС‚ РЅРµР¶РёСЂРЅС‹Р№,Рі
Р№РѕРіСѓСЂС‚ РѕР±РµР·Р¶РёСЂРµРЅРЅС‹Р№,Рі
Р№РѕРіСѓСЂС‚ С„СЂСѓРєС‚РѕРІС‹Р№,Рі
РєР°Р±Р°С‡РєРё,Рі
РєР°Р±Р°С‡РєРё Р·Р°РјРѕСЂРѕР¶РµРЅРЅС‹Рµ,Рі
РєР°Р±Р°С‡РєРё РјРѕР»РѕРґС‹Рµ,Рі
РєР°РґР¶СѓРЅСЃРєР°СЏ СЃРјРµСЃСЊ СЃРїРµС†РёР№,СЃС‚. Р».
РєР°РєР°Рѕ,РіРѕСЂСЃС‚СЊ
РєР°РєР°Рѕ-Р±РѕР±С‹,Рі
РєР°РєР°Рѕ-РјР°СЃР»Рѕ,Рі
РєР°РєР°Рѕ-РїРѕСЂРѕС€РѕРє,РїРѕ РІРєСѓСЃСѓ
РєР°РєР°Рѕ-РїРѕСЂРѕС€РѕРє РѕР±РµР·Р¶РёСЂРµРЅРЅС‹Р№,Рі
РєР°РєР°Рѕ СЃРіСѓС‰РµРЅРЅРѕРµ,Р±Р°РЅРєР°
РєР°Р»РёРЅР°,РїРѕ РІРєСѓСЃСѓ
РєР°Р»РёРЅР° РїСЂРѕС‚РµСЂС‚Р°СЏ,Рі
РєР°Р»РёРЅРґР¶Рё СЃРµРјРµРЅР°,С‡. Р».
РєР°Р»СЊРІР°РґРѕСЃ,Рі
РєР°Р»СЊРјР°СЂС‹,Рі
РєР°Р»СЊРјР°СЂС‹ РІР°СЂРµРЅС‹Рµ,Рі
РєР°Р»СЊРјР°СЂС‹ Р·Р°РјРѕСЂРѕР¶РµРЅРЅС‹Рµ,Рі
РєР°Р»СЊРјР°СЂС‹ РєРѕРЅСЃРµСЂРІРёСЂРѕРІР°РЅРЅС‹Рµ,Рі
РєР°Р»СЊРјР°СЂС‹ С„РёР»Рµ,С€С‚.
РєР°РјР°РјР±РµСЂ,СѓРїР°РєРѕРІРєР°
РєР°РјР±Р°Р»Р°,Рі
РєР°РјР±Р°Р»Р° С„РёР»Рµ,Рі
РєР°РјРїР°СЂРё,РјР»
РєР°РЅРґСѓСЂРёРЅ Р·РѕР»РѕС‚РѕР№,С‡. Р».
РєР°РЅРЅРµР»Р»РѕРЅРё,Рі
РєР°РїРµР»Р»РёРЅРё,Рі
РєР°РїРµСЂСЃС‹,Рі
РєР°РїРµСЂСЃС‹ РІ РІРёРЅРЅРѕРј СѓРєСЃСѓСЃРµ,Рі
РєР°РїРµСЂСЃС‹ РјР°СЂРёРЅРѕРІР°РЅРЅС‹Рµ,Рі
РєР°РїСѓСЃС‚Р° Р±РµР»РѕРєРѕС‡Р°РЅРЅР°СЏ,Рі
РєР°РїСѓСЃС‚Р° Р±СЂСЋСЃСЃРµР»СЊСЃРєР°СЏ,Рі
РєР°РїСѓСЃС‚Р° Р±СЂСЋСЃСЃРµР»СЊСЃРєР°СЏ Р·Р°РјРѕСЂРѕР¶РµРЅРЅР°СЏ,Рі
РєР°РїСѓСЃС‚Р° РєР°Р»Рµ,Рі
РєР°РїСѓСЃС‚Р° РєРІР°С€РµРЅР°СЏ,РїРѕ РІРєСѓСЃСѓ
РєР°РїСѓСЃС‚Р° РєРѕР»СЊСЂР°Р±Рё,Рі
РєР°РїСѓСЃС‚Р° РєСЂР°СЃРЅРѕРєРѕС‡Р°РЅРЅР°СЏ,Рі
РєР°РїСѓСЃС‚Р° РјРѕСЂСЃРєР°СЏ,РїРѕ РІРєСѓСЃСѓ
РєР°РїСѓСЃС‚Р° РјРѕСЂСЃРєР°СЏ Р·Р°РјРѕСЂРѕР¶РµРЅРЅР°СЏ,Рі
РєР°РїСѓСЃС‚Р° РјРѕСЂСЃРєР°СЏ СЃСѓС€РµРЅР°СЏ,Рі
РєР°РїСѓСЃС‚Р° РїРµРєРёРЅСЃРєР°СЏ,Рі
РєР°РїСѓСЃС‚Р° СЃР°РІРѕР№СЃРєР°СЏ,Рі
РєР°РїСѓСЃС‚Р° С†РІРµС‚РЅР°СЏ,Рі
РєР°РїСѓСЃС‚Р° С†РІРµС‚РЅР°СЏ Р·Р°РјРѕСЂРѕР¶РµРЅРЅР°СЏ,Рі
РєР°РїСѓСЃС‚РЅС‹Р№ СЂР°СЃСЃРѕР»,Рі
РєР°РїСѓС‡РёРЅРѕ,Рі
РєР°СЂР°РєР°С‚РёС†Р°,Рі
РєР°СЂР°РєР°С‚РёС†Р° РѕС‡РёС‰РµРЅРЅР°СЏ,Рі
РєР°СЂР°РјР±РѕР»Р°,Рі
РєР°СЂР°РјРµР»СЊ,РјР»
РєР°СЂР°РјРµР»СЊРЅС‹Р№ СЃРѕСѓСЃ,Рі
РєР°СЂР°РјРµР»СЊ СЃ РЅР°С‡РёРЅРєРѕР№,Рі
РєР°СЂР°РјРµР»СЊ СЃРѕР»РµРЅР°СЏ,Рі
РєР°СЂР°СЃСЊ,Рі
РєР°СЂР±РѕРЅР°Рґ,Рі
РєР°СЂРґР°РјРѕРЅ,Рі
РєР°СЂРґР°РјРѕРЅ Р·РµСЂРЅР°,С‡. Р».
РєР°СЂРґР°РјРѕРЅ РјРѕР»РѕС‚С‹Р№,Рі
РєР°СЂРґР°РјРѕРЅ СЃС‚СЂСѓС‡РєРё,С€С‚.
РєР°СЂРєР°РґРµ,Рі
РєР°СЂРї,Рі
РєР°СЂРї Р·РµСЂРєР°Р»СЊРЅС‹Р№,РєРі
РєР°СЂРї С„РёР»Рµ,РєРі
РєР°СЂСЂРё,Рі
РєР°СЂСЂРё Р»РёСЃС‚СЊСЏ,Рі
РєР°СЂСЂРё РїР°СЃС‚Р°,РїР°РєРµС‚
РєР°СЂС‚РѕС„РµР»СЊ,Рі
РєР°СЂС‚РѕС„РµР»СЊ РІР°СЂРµРЅС‹Р№,Рі
РєР°СЂС‚РѕС„РµР»СЊ РІР°СЂРµРЅС‹Р№ РІ РјСѓРЅРґРёСЂРµ,Рі
РєР°СЂС‚РѕС„РµР»СЊ РјРѕР»РѕРґРѕР№,Рі
РєР°СЂС‚РѕС„РµР»СЊРЅРѕРµ РїСЋСЂРµ,РїРѕ РІРєСѓСЃСѓ
РєР°СЂС‚РѕС„РµР»СЊРЅС‹Рµ РЅСЊРѕРєРєРё,Рі
РєР°СЂС‚РѕС„РµР»СЊРЅС‹Рµ С…Р»РѕРїСЊСЏ,Рі
РєР°СЂС‚РѕС„РµР»СЊРЅС‹Рµ С‡РёРїСЃС‹,Рі
РєР°СЂС‚РѕС„РµР»СЊРЅС‹Р№ РєСЂР°С…РјР°Р»,Рі
РєР°СЂС‚РѕС„РµР»СЊРЅС‹Р№ РѕС‚РІР°СЂ,Рі
РєР°СЂС‚РѕС„РµР»СЊРЅС‹Р№ С…СЌС€ Р·Р°РјРѕСЂРѕР¶РµРЅРЅС‹Р№,Рі
РєР°СЂС‚РѕС„РµР»СЊ РїРµС‡РµРЅС‹Р№,Рі
РєР°С‚С‹Рє,Рі
РєР°С„С„РёСЂ-Р»Р°Р№Рј Р»РёСЃС‚СЊСЏ,РїРѕ РІРєСѓСЃСѓ
РєР°С€Р°,Рі
РєР°С€Р° РґР»СЏ РґРµС‚СЃРєРѕРіРѕ РїРёС‚Р°РЅРёСЏ,Рі
РєР°С€С‚Р°РЅРѕРІР°СЏ РјСѓРєР°,Рі
РєР°С€С‚Р°РЅРѕРІС‹Р№ РєСЂРµРј,Рі
РєР°С€С‚Р°РЅС‹,Рі
РєР°С€С‚Р°РЅС‹ РІР°СЂРµРЅС‹Рµ,Рі
РєР°С€С‚Р°РЅС‹ РєРѕРЅСЃРµСЂРІРёСЂРѕРІР°РЅРЅС‹Рµ,Рі
РєР°С€С‚Р°РЅС‹ РѕС‡РёС‰РµРЅРЅС‹Рµ,Рі
РєРІР°СЃ,Рі
РєРІР°СЃРЅРѕРµ СЃСѓСЃР»Рѕ,Рі
РєРІР°СЃРЅРѕР№ РєРѕРЅС†РµРЅС‚СЂР°С‚ СЃСѓС…РѕР№,СѓРїР°РєРѕРІРєР°
РєРІР°СЃ С…Р»РµР±РЅС‹Р№,Рі
РєРµРґСЂРѕРІР°СЏ РјСѓРєР°,Рі
РєРµРґСЂРѕРІС‹Рµ РѕСЂРµС…Рё,Рі
РєРµРґСЂРѕРІС‹Рµ РѕСЂРµС…Рё Р¶Р°СЂРµРЅС‹Рµ,Рі
РєРµС‚Р°,Рі
РєРµС‚С‡СѓРї РѕСЃС‚СЂС‹Р№,РїРѕ РІРєСѓСЃСѓ
РєРµС‚С‡СѓРї С‚РѕРјР°С‚РЅС‹Р№,Рі
РєРµС‚С‡СѓРї С‚РѕСЃРєР°РЅСЃРєРёР№,СЃС‚. Р».
РєРµС‚С‡СѓРї С€Р°С€Р»С‹С‡РЅС‹Р№,Рі
РєРµС„Р°Р»СЊ,Рі
РєРµС„РёСЂ,РїРѕ РІРєСѓСЃСѓ
РєРµС„РёСЂ 1%,Рі
РєРµС„РёСЂ 2,5%,Рі
РєРµС„РёСЂ 3,2%,Рі
РєРµС„РёСЂ РѕР±РµР·Р¶РёСЂРµРЅРЅС‹Р№,Рі
РєРµС€СЊСЋ,Рі
РєРёРІР°РЅРѕ,Рі
РєРёРІРё,РєРі
РєРёРІРё Р¶РµР»Рµ,Рі
РєРёР¶СѓС‡,Рі
РєРёР¶СѓС‡ РіРѕСЂСЏС‡РµРіРѕ РєРѕРїС‡РµРЅРёСЏ С„РёР»Рµ,Рі
РєРёР·РёР»,Рі
РєРёР»СЊРєР°,Рі
РєРёРјС‡Рё,Рі
РєРёРЅР·Р° СЃРІРµР¶Р°СЏ,Р·СѓР±С‡РёРє
РєРёРЅР·Р° СЃСѓС€РµРЅР°СЏ,Рі
РєРёРЅРѕР°,Рі
РєРёРЅРѕР° РјРѕР»РѕС‚Р°СЏ,Рі
РєРёРїСЏС‚РѕРє,Рі
РєРёСЂС€,СЃС‚. Р».
РєРёСЃРµР»СЊ,Рі
РєРёСЃРµР»СЊ СЃСѓС…РѕР№,Рі
РєРёСЃР»РѕРјРѕР»РѕС‡РЅС‹Р№ РЅР°РїРёС‚РѕРє РўР°РЅ,РјР»
РєРёС€РєРё,Рі
РєР»РµР№РєРѕРІРёРЅР°,Рі
РєР»РµРјРµРЅС‚РёРЅС‹,Рі
РєР»РµРЅРѕРІС‹Р№ СЃРёСЂРѕРї,Рі
РєР»СѓР±РЅРёРєР°,Рі
РєР»СѓР±РЅРёРєР° РІ СЃРёСЂРѕРїРµ,Рі
РєР»СѓР±РЅРёРєР° Р·Р°РјРѕСЂРѕР¶РµРЅРЅР°СЏ,Рі
РєР»СѓР±РЅРёРєР°, РїСЂРѕС‚РµСЂС‚Р°СЏ СЃ СЃР°С…Р°СЂРѕРј,Рі
РєР»СѓР±РЅРёРєР° СЃСѓС€РµРЅР°СЏ,Рі
РєР»СѓР±РЅРёС‡РЅРѕРµ РІР°СЂРµРЅСЊРµ,Рі
РєР»СѓР±РЅРёС‡РЅРѕРµ Р¶РµР»Рµ,СѓРїР°РєРѕРІРєР°
РєР»СѓР±РЅРёС‡РЅРѕРµ РїСЋСЂРµ,Рі
РєР»СѓР±РЅРёС‡РЅС‹Р№ РґР¶РµРј,Рі
РєР»СѓР±РЅРёС‡РЅС‹Р№ РґР¶РµРј РіСѓСЃС‚РѕР№,РјР»
РєР»СѓР±РЅРёС‡РЅС‹Р№ РєРѕРјРїРѕС‚,СЃС‚Р°РєР°РЅ
РєР»СѓР±РЅРёС‡РЅС‹Р№ Р»РёРєРµСЂ,Рі
РєР»СѓР±РЅРёС‡РЅС‹Р№ СЃРёСЂРѕРї,Рі
РєР»СЋРєРІР°,Рі
РєР»СЋРєРІР° РІСЏР»РµРЅР°СЏ,Рі
РєР»СЋРєРІР° Р·Р°РјРѕСЂРѕР¶РµРЅРЅР°СЏ,Рі
РєР»СЋРєРІР°, РїСЂРѕС‚РµСЂС‚Р°СЏ СЃ СЃР°С…Р°СЂРѕРј,Рі
РєР»СЋРєРІРµРЅРЅРѕРµ РІР°СЂРµРЅСЊРµ,Рі
РєР»СЋРєРІРµРЅРЅС‹Р№ РґР¶РµРј,Рі
РєР»СЋРєРІРµРЅРЅС‹Р№ РјРѕСЂСЃ,СЃС‚. Р».
РєР»СЋРєРІРµРЅРЅС‹Р№ СЃРёСЂРѕРї,Рі
РєР»СЋРєРІРµРЅРЅС‹Р№ СЃРѕСѓСЃ,Рі
РєРѕР·Р»РёРЅР°СЏ РїРµС‡РµРЅСЊ,Рі
РєРѕР·Р»СЏС‚РёРЅР° РјРѕР»РѕРґР°СЏ,РєРі
РєРѕРєР°-РєРѕР»Р°,СЃС‚. Р».
РєРѕРєРѕСЃРѕРІР°СЏ РІРѕРґР°,СЃС‚Р°РєР°РЅ
РєРѕРєРѕСЃРѕРІР°СЏ РјСѓРєР°,СЃС‚. Р».
РєРѕРєРѕСЃРѕРІР°СЏ СЃС‚СЂСѓР¶РєР°,Рі
РєРѕРєРѕСЃРѕРІР°СЏ СЃС‚СЂСѓР¶РєР° С†РІРµС‚РЅР°СЏ,Рі
РєРѕРєРѕСЃРѕРІРѕРµ РјР°СЃР»Рѕ,РјР»
РєРѕРєРѕСЃРѕРІРѕРµ РјРѕР»РѕРєРѕ,Рі
РєРѕРєРѕСЃРѕРІС‹Рµ СЃР»РёРІРєРё,Рі
РєРѕРєРѕСЃРѕРІС‹Р№ Р»РёРєРµСЂ,СЃС‚. Р».
РєРѕРєРѕСЃРѕРІС‹Р№ СЌРєСЃС‚СЂР°РєС‚,Рі
РєРѕРєРѕСЃС‹,Рі
РєРѕР»Р°,Рі
РєРѕР»Р±Р°СЃР°,Рі
РєРѕР»Р±Р°СЃР° РІР°СЂРµРЅР°СЏ,Рі
РєРѕР»Р±Р°СЃР° РІР°СЂРµРЅРѕ-РєРѕРїС‡РµРЅР°СЏ,Рі
РєРѕР»Р±Р°СЃР° РєРѕРїС‡РµРЅР°СЏ,Рі
РєРѕР»Р±Р°СЃР° РєСЂРѕРІСЏРЅР°СЏ,Рі
РєРѕР»Р±Р°СЃР° РїРѕР»СѓРєРѕРїС‡РµРЅР°СЏ,Рі
РєРѕР»Р±Р°СЃР° СЃС‹СЂРѕРєРѕРїС‡РµРЅР°СЏ,Рі
РєРѕР»Р±Р°СЃРєР° СЃРІРёРЅР°СЏ СЃРІРµР¶Р°СЏ (salsiccia),С€С‚.
РєРѕР»Р±Р°СЃРєРё,Рі
РєРѕР»Р±Р°СЃРєРё РґР»СЏ Р¶Р°СЂРєРё,Рі
РєРѕР»Р±Р°СЃРєРё РґРѕРјР°С€РЅРёРµ,С€С‚.
РєРѕР»Р±Р°СЃРєРё РѕС…РѕС‚РЅРёС‡СЊРё,Рі
РєРѕР»Р±Р°СЃРєРё СЃС‹СЂРѕРєРѕРїС‡РµРЅС‹Рµ,С€С‚.
РєРѕРјРїРѕС‚,Рі
РєРѕРЅРѕРїР»СЏРЅРѕРµ РјР°СЃР»Рѕ,СЃС‚. Р».
РєРѕРЅРѕРїР»СЏ СЃРµРјРµРЅР°,Рі
РєРѕРЅС„РµС‚С‹,РїРѕ РІРєСѓСЃСѓ
РєРѕРЅС„РµС‚С‹ M&MвЂ™s,Рі
РєРѕРЅС„РµС‚С‹ Р¶РµРІР°С‚РµР»СЊРЅС‹Рµ Р»Р°РєСЂРёС‡РЅС‹Рµ,Рі
РєРѕРЅС„РµС‚С‹ РљРѕСЂРѕРІРєР°,Рі
РєРѕРЅС„РµС‚С‹ РўСЂСЋС„РµР»СЊ,Рі
РєРѕРЅС„РёС‚СЋСЂ,РїРѕ РІРєСѓСЃСѓ
РєРѕРЅС„РёС‚СЋСЂРєР°,СѓРїР°РєРѕРІРєР°
РєРѕРЅСЊСЏРє,Рі
РєРѕРїС‡РµРЅРѕСЃС‚Рё,Рі
РєРѕСЂРµРЅСЊСЏ,РїРѕ РІРєСѓСЃСѓ
РєРѕСЂРёР°РЅРґСЂ,Рі
РєРѕСЂРёР°РЅРґСЂ Р·РµР»РµРЅСЊ,Рі
РєРѕСЂРёР°РЅРґСЂ РјРѕР»РѕС‚С‹Р№,Рі
РєРѕСЂРёР°РЅРґСЂ СЃРµРјРµРЅР°,Рі
РєРѕСЂРёРЅРєР°,СЃС‚. Р».
РєРѕСЂРёС†Р°,Рі
РєРѕСЂРёС†Р° РјРѕР»РѕС‚Р°СЏ,Рі
РєРѕСЂРЅРёС€РѕРЅС‹,Рі
РєРѕСЂРЅРёС€РѕРЅС‹ РјР°СЂРёРЅРѕРІР°РЅС‹Рµ,Рі
РєРѕСЂСЋС€РєР°,Рі
РєРѕСЂСЋС€РєР° РіРѕСЂСЏС‡РµРіРѕ РєРѕРїС‡РµРЅРёСЏ,Рі
РєРѕСЃС‚Рё,Рі
РєРѕСЃС‚Рё РјРѕР·РіРѕРІС‹Рµ,Рі
РєРѕСЃС‚СЊ СЃР°С…Р°СЂРЅР°СЏ,Рі
РєРѕС„Рµ РІ Р·РµСЂРЅР°С…,СЃС‚Р°РєР°РЅ
РєРѕС„Рµ Р·РµР»РµРЅС‹Р№,Рі
РєРѕС„РµР№РЅС‹Рµ Р·РµСЂРЅР° РІ С€РѕРєРѕР»Р°РґРµ,Рі
РєРѕС„РµР№РЅС‹Р№ Р»РёРєРµСЂ,Рі
РєРѕС„РµР№РЅС‹Р№ Р»РёРєРµСЂ Kahlua,РјР»
РєРѕС„РµР№РЅС‹Р№ РЅР°РїРёС‚РѕРє,РјР»
РєРѕС„РµР№РЅС‹Р№ СЃРёСЂРѕРї,Рі
РєРѕС„РµР№РЅС‹Р№ СЌРєСЃС‚СЂР°РєС‚,РјР»
РєРѕС„Рµ РјРѕР»РѕС‚С‹Р№,СЃС‚. Р».
РєРѕС„Рµ СЂР°СЃС‚РІРѕСЂРёРјС‹Р№,Рі
РєРѕС„Рµ СЃРІРµР¶РµСЃРІР°СЂРµРЅРЅС‹Р№,Рі
РєРѕС„Рµ С‡РµСЂРЅС‹Р№,Рі
РєРѕС„Рµ СЌСЃРїСЂРµСЃСЃРѕ,СЃС‚Р°РєР°РЅ
РєСЂР°Р±РѕРІРѕРµ РјСЏСЃРѕ,Рі
РєСЂР°Р±РѕРІС‹Рµ РїР°Р»РѕС‡РєРё,РїРѕ РІРєСѓСЃСѓ
РєСЂР°Р± СЃРЅРµР¶РЅС‹Р№,РїРѕ РІРєСѓСЃСѓ
РєСЂР°Р±С‹,Рі
РєСЂР°РїРёРІР°,Рі
РєСЂР°СЃРёС‚РµР»СЊ-РіРµР»СЊ РїРёС‰РµРІРѕР№,С€С‚.
РєСЂР°СЃРёС‚РµР»СЊ РїРёС‰РµРІРѕР№,Рі
РєСЂР°СЃРёС‚РµР»СЊ РїРёС‰РµРІРѕР№ РІРёС€РЅРµРІС‹Р№,С‰РµРїРѕС‚РєР°
РєСЂР°СЃРёС‚РµР»СЊ РїРёС‰РµРІРѕР№ Р¶РµР»С‚С‹Р№,Рі
РєСЂР°СЃРёС‚РµР»СЊ РїРёС‰РµРІРѕР№ Р·РµР»РµРЅС‹Р№,СЃС‚. Р».
РєСЂР°СЃРёС‚РµР»СЊ РїРёС‰РµРІРѕР№ РєСЂР°СЃРЅС‹Р№,Рі
РєСЂР°СЃРёС‚РµР»СЊ РїРёС‰РµРІРѕР№ РѕСЂР°РЅР¶РµРІС‹Р№,Рі
РєСЂР°СЃРёС‚РµР»СЊ РїРёС‰РµРІРѕР№ С„РёРѕР»РµС‚РѕРІС‹Р№,Рі
РєСЂР°СЃРёС‚РµР»СЊ РїРёС‰РµРІРѕР№ С‡РµСЂРЅС‹Р№,Рі
РєСЂР°СЃРЅР°СЏ СЃРјРѕСЂРѕРґРёРЅР°,Рі
РєСЂР°СЃРЅР°СЏ СЃРјРѕСЂРѕРґРёРЅР°, РїСЂРѕС‚РµСЂС‚Р°СЏ СЃ СЃР°С…Р°СЂРѕРј,СЃС‚. Р».
РєСЂР°СЃРЅРѕРїРµСЂРєР°,С€С‚.
РєСЂР°СЃРЅРѕСЃРјРѕСЂРѕРґРёРЅРѕРІРѕРµ РІР°СЂРµРЅСЊРµ,Рі
РєСЂР°СЃРЅС‹Р№ РІРёРЅРЅС‹Р№ СЃРѕСѓСЃ,Рі
РєСЂР°С…РјР°Р»,Рі
РєСЂРµРІРµС‚РєРё,Рі
РєСЂРµРІРµС‚РєРё Р·Р°РјРѕСЂРѕР¶РµРЅРЅС‹Рµ,Рі
РєСЂРµРІРµС‚РєРё РєРѕСЂРѕР»РµРІСЃРєРёРµ,Рі
РєСЂРµРІРµС‚РєРё РѕС‡РёС‰РµРЅРЅС‹Рµ,Рі
РєСЂРµРІРµС‚РєРё РѕС‡РёС‰РµРЅРЅС‹Рµ РІ СЂР°СЃСЃРѕР»Рµ,Рі
РєСЂРµРІРµС‚РєРё СЃР°Р»Р°С‚РЅС‹Рµ,Рі
РєСЂРµРІРµС‚РєРё СЃСѓС€РµРЅС‹Рµ,Рі
РєСЂРµРІРµС‚РєРё С‚РёРіСЂРѕРІС‹Рµ,Рі
РєСЂРµРєРµСЂ,Рі
РєСЂРµРєРµСЂ СЃРѕР»РµРЅС‹Р№,Рі
РєСЂРµРј Р·Р°РІР°СЂРЅРѕР№,Рі
РєСЂРµРј Р·Р°РІР°СЂРЅРѕР№ РїРѕСЂРѕС€РєРѕРІС‹Р№,Рі
РєСЂРµРј-С„СЂРµС€,Рі
РєСЂРµСЃСЃ-СЃР°Р»Р°С‚,Рі
РєСЂРѕРІСЊ,РјР»
РєСЂРѕР»РёРє,Рі
РєСЂРѕР»РёРє С‚СѓС€РєР°,Рі
РєСЂРѕР»РёРє С„РёР»Рµ,Рі
РєСЂРѕР»РёС‡СЊСЏ РїРµС‡РµРЅСЊ,Рі
РєСЂСѓР°СЃСЃР°РЅС‹,РїРѕ РІРєСѓСЃСѓ
РєСЂСѓС‚РѕРЅС‹ РјРµР»РєРёРµ,Рі
РєСЂС‹Р¶РѕРІРЅРёРє,Рі
РєСЂС‹Р¶РѕРІРЅРёРєРѕРІРѕРµ РІР°СЂРµРЅСЊРµ,Р±Р°РЅРєР°
РєСѓРєСѓСЂСѓР·Р°,Рі
РєСѓРєСѓСЂСѓР·Р° Р·Р°РјРѕСЂРѕР¶РµРЅРЅР°СЏ,Рі
РєСѓРєСѓСЂСѓР·Р° РєРѕРЅСЃРµСЂРІРёСЂРѕРІР°РЅРЅР°СЏ,Рі
РєСѓРєСѓСЂСѓР·Р° РѕР±Р¶Р°СЂРµРЅРЅР°СЏ РєРёРєРѕСЃ,Рі
РєСѓРєСѓСЂСѓР·РЅР°СЏ РєСЂСѓРїР°,Рі
РєСѓРєСѓСЂСѓР·РЅР°СЏ РјСѓРєР°,Рі
РєСѓРєСѓСЂСѓР·РЅРѕРµ РјР°СЃР»Рѕ,Рі
РєСѓРєСѓСЂСѓР·РЅС‹Рµ Р»РµРїРµС€РєРё,С€С‚.
РєСѓРєСѓСЂСѓР·РЅС‹Рµ РїР°Р»РѕС‡РєРё,Рі
РєСѓРєСѓСЂСѓР·РЅС‹Рµ С…Р»РѕРїСЊСЏ,Рі
РєСѓРєСѓСЂСѓР·РЅС‹Рµ С…Р»РѕРїСЊСЏ РіР»Р°Р·РёСЂРѕРІР°РЅРЅС‹Рµ,Рі
РєСѓРєСѓСЂСѓР·РЅС‹Рµ С‡РёРїСЃС‹,Рі
РєСѓРєСѓСЂСѓР·РЅС‹Р№ (Р·РѕР»РѕС‚РѕР№) СЃРёСЂРѕРї,Рі
РєСѓРєСѓСЂСѓР·РЅС‹Р№ РєСЂР°С…РјР°Р»,РїРѕ РІРєСѓСЃСѓ
РєСѓРјРёРЅ,Рі
РєСѓРјРєРІР°С‚С‹,РіРѕСЂСЃС‚СЊ
РєСѓРЅР¶СѓС‚,Рі
РєСѓРЅР¶СѓС‚РЅР°СЏ РјСѓРєР°,Рі
РєСѓРЅР¶СѓС‚РЅР°СЏ РїР°СЃС‚Р°,Рі
РєСѓРЅР¶СѓС‚РЅРѕРµ РјР°СЃР»Рѕ,Рі
РєСѓРЅР¶СѓС‚РЅС‹Рµ СЃРµРјРµС‡РєРё,РїРѕ РІРєСѓСЃСѓ
РєСѓРЅР¶СѓС‚ С‡РµСЂРЅС‹Р№,С‡. Р».
РєСѓРїР°С‚С‹,С€С‚.
РєСѓСЂР°РіР°,РїРѕ РІРєСѓСЃСѓ
РєСѓСЂРґСЋС‡РЅРѕРµ СЃР°Р»Рѕ,Рі
РєСѓСЂРґСЋС‡РЅС‹Р№ Р¶РёСЂ,Рі
РєСѓСЂРёРЅР°СЏ РІРµС‚С‡РёРЅР°,Рі
РєСѓСЂРёРЅР°СЏ РєРѕР¶Р°,Рі
РєСѓСЂРёРЅР°СЏ РїРµС‡РµРЅСЊ,Рі
РєСѓСЂРёРЅРѕРµ РєР°СЂРїР°С‡С‡Рѕ,Рі
РєСѓСЂРёРЅРѕРµ С„РёР»Рµ,Рі
РєСѓСЂРёРЅС‹Рµ Р±РµРґСЂР°,Рі
РєСѓСЂРёРЅС‹Рµ РіРѕР»РµРЅРё,Рі
РєСѓСЂРёРЅС‹Рµ РіРѕР»РµРЅРё РєРѕРїС‡РµРЅС‹Рµ,С€С‚.
РєСѓСЂРёРЅС‹Рµ РіСЂСѓРґРєРё,Рі
РєСѓСЂРёРЅС‹Рµ РіСЂСѓРґРєРё РІР°СЂРµРЅС‹Рµ,Рі
РєСѓСЂРёРЅС‹Рµ РіСЂСѓРґРєРё РєРѕРїС‡РµРЅС‹Рµ,Рі
РєСѓСЂРёРЅС‹Рµ Р¶РµР»СѓРґРѕС‡РєРё,С€С‚.
РєСѓСЂРёРЅС‹Рµ РєРѕСЃС‚Рё,Рі
РєСѓСЂРёРЅС‹Рµ РєСЂС‹Р»СЊСЏ,Рі
РєСѓСЂРёРЅС‹Рµ РѕРєРѕСЂРѕС‡РєР°,Рі
РєСѓСЂРёРЅС‹Рµ РѕРєРѕСЂРѕС‡РєР° РєРѕРїС‡РµРЅС‹Рµ,Рі
РєСѓСЂРёРЅС‹Рµ РїРѕС‚СЂРѕС€РєРё,Рі
РєСѓСЂРёРЅС‹Рµ СЃРµСЂРґРµС‡РєРё,Рі
РєСѓСЂРёРЅС‹Р№ Р±СѓР»СЊРѕРЅ,Рі
РєСѓСЂРёРЅС‹Р№ РїР°С€С‚РµС‚,Рі
РєСѓСЂРёРЅС‹Р№ СЃСѓРїРѕРІРѕР№ РЅР°Р±РѕСЂ,РєРі
РєСѓСЂРёРЅС‹Р№ С„Р°СЂС€,Рі
РєСѓСЂРёС†Р°,Рі
РєСѓСЂРёС†Р° РІР°СЂРµРЅР°СЏ,Рі
РєСѓСЂРёС†Р° РґР»СЏ Р¶Р°СЂРєРё,РєРі
РєСѓСЂРёС†Р° РєРѕРїС‡РµРЅР°СЏ,Рі
РєСѓСЂРёС†Р° С‚СѓС€РєР°,Рі
РєСѓСЂРєСѓРјР°,Рі
РєСѓСЂРѕРїР°С‚РєРё,Рі
РєСѓСЃРєСѓСЃ,Рі
РєСѓСЃРєСѓСЃ Р¶РµРјС‡СѓР¶РЅС‹Р№,СЃС‚Р°РєР°РЅ
РєСЌСЂРѕР±,Рі
Р»Р°РІР°РЅРґР°,Рі
Р»Р°РІР°РЅРґР° СЃСѓС€РµРЅР°СЏ,С‰РµРїРѕС‚РєР°
Р»Р°РІР°РЅРґРѕРІС‹Р№ РєСЂР°СЃРёС‚РµР»СЊ,С‡. Р».
Р»Р°РІР°С€,РїРѕ РІРєСѓСЃСѓ
Р»Р°РІР°С€ Р°СЂРјСЏРЅСЃРєРёР№,Рі
Р»Р°РІР°С€ РїРµСЂСЃРёРґСЃРєРёР№ РєСЂСѓРіР»С‹Р№,Рі
Р»Р°РІР°С€ С‚РѕРЅРєРёР№,РїР»Р°СЃС‚
Р»Р°РІСЂРѕРІС‹Рµ Р»РёСЃС‚СЊСЏ СЃРІРµР¶РёРµ,С€С‚.
Р»Р°РІСЂРѕРІС‹Р№ Р»РёСЃС‚,Рі
Р»Р°Р№Рј,Рі
Р»Р°Р№Рј Р»РёСЃС‚СЊСЏ,С€С‚.
Р»Р°Р№РјРѕРІР°СЏ С†РµРґСЂР°,Рі
Р»Р°Р№РјРѕРІС‹Р№ СЃРѕРє,Рі
Р»Р°РЅРіСѓСЃС‚РёРЅС‹,С€С‚.
Р»Р°РїС€Р°,Рі
Р»Р°РїС€Р° РґР»СЏ Р»Р°РіРјР°РЅР°,СѓРїР°РєРѕРІРєР°
Р»Р°РїС€Р° С€РёСЂР°С‚Р°РєРё,Рі
Р»Р°РїС€Р° СЏРёС‡РЅР°СЏ РІ РіРЅРµР·РґР°С…,С€С‚.
Р»Р°С‚СѓРє,Рі
Р»РµРіРєРёРµ,Рі
Р»РµРґ,Рі
Р»РµРґРё-С„РёС€ С‚СѓС€РєР°,С€С‚.
Р»РµРјРѕРЅРіСЂР°СЃСЃ (Р»РёРјРѕРЅРЅРѕРµ СЃРѕСЂРіРѕ),Рі
Р»РµРЅ СЃРµРјРµРЅР°,Рі
Р»РµРїРµС€РєРё,Рі
Р»РµРїРµС€РєРё Р°СЂР°Р±СЃРєРёРµ,С€С‚.
Р»РµСЃРЅС‹Рµ РѕСЂРµС…Рё,Рі
Р»РµС‡Рѕ,Рі
Р»РёРІРµСЂ,Рі
Р»РёРєРµСЂ,Рі
Р»РёРєРµСЂ Alchermes,Рі
Р»РёРєРµСЂ Amaretto,Рі
Р»РёРєРµСЂ Baileys,Рі
Р»РёРєРµСЂ Cointreau,Рі
Р»РёРєРµСЂ РєСЂРµРјРѕРІС‹Р№,Рі
Р»РёРєРµСЂ СЃР»РёРІРѕС‡РЅС‹Р№,Рі
Р»РёРјРѕРЅР°Рґ,Рі
Р»РёРјРѕРЅРЅР°СЏ РєРёСЃР»РѕС‚Р°,Рі
Р»РёРјРѕРЅРЅР°СЏ С†РµРґСЂР°,Рі
Р»РёРјРѕРЅРЅРёРє СЃС‚РµР±РµР»СЊ,Рі
Р»РёРјРѕРЅРЅРёРє СЏРіРѕРґС‹,Рі
Р»РёРјРѕРЅРЅС‹Рµ РєРѕСЂРѕС‡РєРё Р·Р°СЃР°С…Р°СЂРµРЅРЅС‹Рµ,Рі
Р»РёРјРѕРЅРЅС‹Рµ С†СѓРєР°С‚С‹,Рі
Р»РёРјРѕРЅРЅС‹Р№ СЃРѕРє,Рі
Р»РёРјРѕРЅРЅС‹Р№ СѓРєСЃСѓСЃ,Рі
Р»РёРјРѕРЅРЅС‹Р№ СЌРєСЃС‚СЂР°РєС‚,Рі
Р»РёРјРѕРЅС‡РµР»Р»Рѕ,Рі
Р»РёРјРѕРЅС‹,Рі
Р»РёРЅРіРІРёРЅРµ,С€С‚.
Р»РёСЃРёС‡РєРё,Рі
Р»РёСЃРёС‡РєРё СЃСѓС€РµРЅС‹Рµ,Рі
Р»РёС‡Рё,С€С‚.
Р»РёС‡Рё РєРѕРјРїРѕС‚,Рі
Р»РѕР±СЃС‚РµСЂ,Рі
Р»РѕРЅРіР°РЅ,Рі
Р»РѕРЅРіРєРѕРЅРі,С€С‚.
Р»РѕСЃРѕСЃРµРІС‹Рµ РјРѕР»РѕРєРё,Рі
Р»РѕСЃРѕСЃРµРІС‹Р№ С„Р°СЂС€,Рі
Р»РѕСЃРѕСЃСЊ,Рі
Р»РѕСЃРѕСЃСЊ РіРѕСЂСЏС‡РµРіРѕ РєРѕРїС‡РµРЅРёСЏ,Рі
Р»РѕСЃРѕСЃСЊ РєРѕРїС‡РµРЅС‹Р№,Рі
Р»РѕСЃРѕСЃСЊ СЃРІРµР¶РµСЃРѕР»РµРЅС‹Р№,Рі
Р»РѕСЃРѕСЃСЊ СЃРІРµР¶РёР№,Рі
Р»РѕСЃРѕСЃСЊ СЃРІРµР¶РёР№ С„РёР»Рµ,Рі
Р»РѕСЃРѕСЃСЊ СЃР»Р°Р±РѕСЃРѕР»РµРЅС‹Р№,Рі
Р»РѕСЃРѕСЃСЊ СЃС‚РµР№РєРё,Рі
Р»РѕСЃРѕСЃСЊ С„РёР»Рµ,Рі
Р»РѕСЃРѕСЃСЊ С„РёР»Рµ РЅР° РєРѕР¶Рµ,Рі
Р»РѕСЃРѕСЃСЊ С…РѕР»РѕРґРЅРѕРіРѕ РєРѕРїС‡РµРЅРёСЏ,Рі
Р»РѕСЃСЏС‚РёРЅР°,РєРі
Р»СѓРє Р±РµР»С‹Р№,РїРѕ РІРєСѓСЃСѓ
Р»СѓРє Р·РµР»РµРЅС‹Р№,Рі
Р»СѓРє РєСЂР°СЃРЅС‹Р№,РїРѕ РІРєСѓСЃСѓ
Р»СѓРє РјР°СЂРёРЅРѕРІР°РЅРЅС‹Р№,Рі
Р»СѓРєРѕРІР°СЏ С€РµР»СѓС…Р°,Рі
Р»СѓРєРѕРІС‹Р№ РїРѕСЂРѕС€РѕРє,Рі
Р»СѓРє-РїРѕСЂРµР№,РіРѕСЂСЃС‚СЊ
Р»СѓРє-СЂРµР·Р°РЅРµС†,РїРѕ РІРєСѓСЃСѓ
Р»СѓРє СЂРµРїС‡Р°С‚С‹Р№,Рі
Р»СѓРє СЂРµРїС‡Р°С‚С‹Р№ РјРµР»РєРёР№,Рі
Р»СѓРє СЃР°Р»Р°С‚РЅС‹Р№,С€С‚.
Р»СѓРє СЃСѓС€РµРЅС‹Р№,Рі
Р»СѓРє-С€Р°Р»РѕС‚,Рі
Р»СѓРє-С€Р°Р»РѕС‚ РєСЂР°СЃРЅС‹Р№,С€С‚.
Р»СЊРЅСЏРЅР°СЏ РјСѓРєР°,Рі
Р»СЊРЅСЏРЅРѕРµ РјР°СЃР»Рѕ,С‡. Р».
Р»СЊРЅСЏРЅРѕРµ СЃРµРјСЏ,Рі
Р»СЊРЅСЏРЅРѕРµ СЃРµРјСЏ РјРѕР»РѕС‚РѕРµ,Рі
Р»СЋР±РёСЃС‚РѕРє,Рі
РјР°Р°СЃРґР°Рј,Рі
РјР°РґРµСЂР°,Рі
РјР°Р№РѕРЅРµР·,Рі
РјР°Р№РѕРЅРµР· РґРѕРјР°С€РЅРёР№,Рі
РјР°Р№РѕРЅРµР· Р»РµРіРєРёР№,Рі
РјР°Р№РѕРЅРµР·РЅС‹Р№ СЃРѕСѓСЃ В«РЎР»РѕР±РѕРґР°В» РџРѕСЃС‚РЅС‹Р№,Рі
РјР°Р№РѕРЅРµР· РѕР»РёРІРєРѕРІС‹Р№,Рі
РјР°Р№РѕРЅРµР· В«РЎР»РѕР±РѕРґР°В» Р›РµРіРєРёР№,Рі
РјР°Р№РѕРЅРµР· В«РЎР»РѕР±РѕРґР°В» РќР° РїРµСЂРµРїРµР»РёРЅС‹С… СЏР№С†Р°С…,Рі
РјР°Р№РѕРЅРµР· В«РЎР»РѕР±РѕРґР°В» РћР»РёРІРєРѕРІС‹Р№,Рі
РјР°Р№РѕРЅРµР· В«РЎР»РѕР±РѕРґР°В» РџСЂРѕРІР°РЅСЃР°Р»СЊ,Рі
РјР°Р№РѕРЅРµР· В«РЎР»РѕР±РѕРґР°В» РЎ Р»РёРјРѕРЅРЅС‹Рј СЃРѕРєРѕРј,Рі
РјР°Р№РѕРЅРµР· В«РЎР»РѕР±РѕРґР°В» РЎРјРµС‚Р°РЅРЅС‹Р№,Рі
РјР°Р№РѕСЂР°РЅ,Рі
РјР°Р№РѕСЂР°РЅ СЃРІРµР¶РёР№,РїРѕ РІРєСѓСЃСѓ
РјР°Р№РѕСЂР°РЅ СЃСѓС€РµРЅС‹Р№,Рі
РјР°Рє,Рі
РјР°РєР°СЂРѕРЅРЅС‹Рµ РёР·РґРµР»РёСЏ,Рі
РјР°РєР°СЂРѕРЅРЅС‹Рµ РёР·РґРµР»РёСЏ РјРµР»РєРёРµ,Рі
РјР°РєР°СЂРѕРЅС‹,Рі
РјР°РєР°СЂРѕРЅС‹-Р±Р°Р±РѕС‡РєРё (farfalle),Рі
РјР°РєР°СЂРѕРЅС‹-Р±Р°Р±РѕС‡РєРё (farfalle) РјРёРЅРё,Рі
РјР°РєР°СЂРѕРЅС‹ Р±Р°РІРµС‚С‚Рµ,Рі
РјР°РєР°СЂРѕРЅС‹-Р±Р°РЅС‚РёРєРё,Рі
РјР°РєР°СЂРѕРЅС‹ Р±СѓРєР°С‚РёРЅРё,Рі
РјР°РєР°СЂРѕРЅС‹ РґР¶РёР»СЊРё,Рі
РјР°РєР°СЂРѕРЅС‹ РґРёС‚Р°Р»РѕРЅРё,Рі
РјР°РєР°СЂРѕРЅС‹-Р·РІРµР·РґРѕС‡РєРё,СЃС‚Р°РєР°РЅ
РјР°РєР°СЂРѕРЅС‹ РѕСЂР·Рѕ,Рі
РјР°РєР°СЂРѕРЅС‹-СЂР°РєСѓС€РєРё (conchiglie),Рі
РјР°РєР°СЂРѕРЅС‹-СЂР°РєСѓС€РєРё (conchiglie rigate),Рі
РјР°РєР°СЂРѕРЅС‹-СЂР°РєСѓС€РєРё РєСЂСѓРїРЅС‹Рµ,Рі
РјР°РєР°СЂРѕРЅС‹ СЂРёСЃРѕРЅРё,Рі
РјР°РєР°СЂРѕРЅС‹-СЂРѕР¶РєРё (pipe rigate),Рі
РјР°РєР°СЂРѕРЅС‹-СЃРїРёСЂР°Р»СЊРєРё (fusilli),Рі
РјР°РєР°СЂРѕРЅС‹-СѓС€РєРё (orecchiette),Рі
РјР°РєРєРµСЂРѕРЅС‡РёРЅРё,Рі
РјР°Рє РјРѕР»РѕС‚С‹Р№,Рі
РјР°РєРѕРІР°СЏ РјР°СЃСЃР°,РїР°С‡РєР°
РјР°Р»РёРЅР°,Рі
РјР°Р»РёРЅР° Р·Р°РјРѕСЂРѕР¶РµРЅРЅР°СЏ,Рі
РјР°Р»РёРЅР°, РїСЂРѕС‚РµСЂС‚Р°СЏ СЃ СЃР°С…Р°СЂРѕРј,СЃС‚Р°РєР°РЅ
РјР°Р»РёРЅР° СЃСѓС€РµРЅР°СЏ,Рі
РјР°Р»РёРЅРѕРІРѕРµ РІР°СЂРµРЅСЊРµ,Рі
РјР°Р»РёРЅРѕРІРѕРµ Р¶РµР»Рµ,Рі
РјР°Р»РёРЅРѕРІРѕРµ РїСЋСЂРµ,Рі
РјР°Р»РёРЅРѕРІС‹Р№ РґР¶РµРј,Рі
РјР°Р»РёРЅРѕРІС‹Р№ РєСЂРµРј,Рі
РјР°Р»РёРЅРѕРІС‹Р№ СЃРёСЂРѕРї,С‡. Р».
РјР°Р»РёРЅРѕРІС‹Р№ СЃРѕСѓСЃ,С‡. Р».
РјР°Р»РёРЅРѕРІС‹Р№ СѓРєСЃСѓСЃ,РјР»
РјР°Р»РёРЅРѕРІС‹Р№ С‡Р°Р№,Рі
РјР°РЅРіРѕ,РїРѕ РІРєСѓСЃСѓ
РјР°РЅРіРѕРІС‹Р№ СЃРёСЂРѕРї,РјР»
РјР°РЅРіРѕ РєРѕРЅСЃРµСЂРІРёСЂРѕРІР°РЅРЅРѕРµ,Рі
РјР°РЅРіРѕР»СЊРґ,Рі
РјР°РЅРіСѓСЃС‚РёРЅ,С€С‚.
РјР°РЅРґР°СЂРёРЅРѕРІРѕРµ РїСЋСЂРµ,Рі
РјР°РЅРґР°СЂРёРЅРѕРІС‹Рµ С†СѓРєР°С‚С‹,Рі
РјР°РЅРґР°СЂРёРЅРѕРІС‹Р№ СЃРѕРє,Рі
РјР°РЅРґР°СЂРёРЅС‹,РїРѕ РІРєСѓСЃСѓ
РјР°РЅРґР°СЂРёРЅС‹ РІ СЃРѕР±СЃС‚РІРµРЅРЅРѕРј СЃРѕРєСѓ,Рі
РјР°РЅРЅР°СЏ РєСЂСѓРїР°,Рі
РјР°СЂР°РєСѓР№СЏ,Рі
РјР°СЂРіР°СЂРёРЅ,Рі
РјР°СЂРіР°СЂРёРЅ СЃР»РёРІРѕС‡РЅС‹Р№,Рі
РјР°СЂРјРµР»Р°Рґ,РїРѕ РІРєСѓСЃСѓ
РјР°СЂРјРµР»Р°Рґ Р±СѓС‚РµСЂР±СЂРѕРґРЅС‹Р№,Рі
РјР°СЂСЃР°Р»Р°,СЃС‚Р°РєР°РЅ
РјР°СЂС‚РёРЅРё,Рі
РјР°СЂС‚РёРЅРё РєСЂР°СЃРЅС‹Р№,Рі
РјР°СЂС†РёРїР°РЅ,РїРѕ РІРєСѓСЃСѓ
РјР°СЂС†РёРїР°РЅ Р·РµР»РµРЅС‹Р№,Рі
РјР°СЂС†РёРїР°РЅ СЂРѕР·РѕРІС‹Р№,Рі
РјР°СЂС€РјРµР»Р»РѕСѓ,Рі
РјР°СЂС€РјРµР»Р»РѕСѓ РєСЂРµРј,Рі
РјР°СЂС€РјРµР»Р»РѕСѓ РјРёРЅРё,Рі
РјР°СЃРєР°СЂРїРѕРЅРµ,Рі
РјР°СЃР»РёРЅС‹,Рі
РјР°СЃР»РёРЅС‹ Р±РµР· РєРѕСЃС‚РѕС‡РµРє,Рі
РјР°СЃР»Рѕ Р°РІРѕРєР°РґРѕ,Рі
РјР°СЃР»Рѕ РІРёРЅРѕРіСЂР°РґРЅС‹С… РєРѕСЃС‚РѕС‡РµРє,Рі
РјР°СЃР»Рѕ РіСЂРµС†РєРѕРіРѕ РѕСЂРµС…Р°,С‡. Р».
РјР°СЃР»Рѕ РґР»СЏ С„СЂРёС‚СЋСЂР°,Рі
РјР°СЃР»Рѕ РєРµРґСЂРѕРІРѕРіРѕ РѕСЂРµС…Р°,Рі
РјР°СЃР»СЏС‚Р°,Рі
РјР°СЃС‚РёРєР°,Рі
РјР°СЃС‚РёРєР° Р¶РµР»Р°С‚РёРЅРѕРІР°СЏ,Рі
РјР°СЃС‚РёРєР° С€РѕРєРѕР»Р°РґРЅР°СЏ,Рі
РјР°С‚С‡Р°,Рі
РјР°С„Р°Р»СЊРґРёРЅРµ,Рі
РјР°С†Р°,Рі
РјР°С†РѕРЅРё,Рі
РјР°С€,Рі
РјРµРґ,Рі
РјРµРґ Р°РєР°С†РёРё,Рі
РјРµРґ РіСЂРµС‡РёС€РЅС‹Р№,Рі
РјРµРґ Р¶РёРґРєРёР№,Рі
РјРµРґ Р»Р°РІР°РЅРґРѕРІС‹Р№,Рі
РјРµР»РёСЃСЃР°,Рі
РјРµСЂРµРЅРіРё,С€С‚.
РјРёРґРёРё,Рі
РјРёРґРёРё РІ СЂР°РєРѕРІРёРЅР°С…,Рі
РјРёРґРёРё РІ СЂР°РєРѕРІРёРЅР°С… РєСЂСѓРїРЅС‹Рµ С‡РµСЂРЅС‹Рµ,Рі
РјРёРґРёРё РІ СЂР°РєРѕРІРёРЅР°С… РјРµР»РєРёРµ Р·РµР»РµРЅС‹Рµ,Рі
РјРёРґРёРё Р·Р°РјРѕСЂРѕР¶РµРЅРЅС‹Рµ,С€С‚.
РјРёРґРёРё РєРѕРїС‡РµРЅС‹Рµ РІ РјР°СЃР»Рµ,Рі
РјРёРєСЂРѕР·РµР»РµРЅСЊ,РіРѕСЂСЃС‚СЊ
РјРёРЅРґР°Р»СЊ,Рі
РјРёРЅРґР°Р»СЊ Р¶Р°СЂРµРЅС‹Р№,Рі
РјРёРЅРґР°Р»СЊ РёР·РјРµР»СЊС‡РµРЅРЅС‹Р№,Рі
РјРёРЅРґР°Р»СЊРЅР°СЏ РјР°СЃСЃР°,Рі
РјРёРЅРґР°Р»СЊРЅР°СЏ РјСѓРєР°,Рі
РјРёРЅРґР°Р»СЊРЅР°СЏ РїР°СЃС‚Р°,Рі
РјРёРЅРґР°Р»СЊРЅР°СЏ СЌСЃСЃРµРЅС†РёСЏ,Рі
РјРёРЅРґР°Р»СЊРЅРѕРµ РјР°СЃР»Рѕ,Рі
РјРёРЅРґР°Р»СЊРЅРѕРµ РјРѕР»РѕРєРѕ,Рі
РјРёРЅРґР°Р»СЊРЅРѕРµ РїРµС‡РµРЅСЊРµ,Рі
РјРёРЅРґР°Р»СЊРЅРѕРµ РїСЂР°Р»РёРЅРµ,Рі
РјРёРЅРґР°Р»СЊРЅС‹Рµ Р»РµРїРµСЃС‚РєРё,Рі
РјРёРЅРґР°Р»СЊРЅС‹Р№ Р»РёРєРµСЂ,Рі
РјРёРЅРґР°Р»СЊРЅС‹Р№ СЃРёСЂРѕРї,Рі
РјРёРЅРґР°Р»СЊРЅС‹Р№ СЌРєСЃС‚СЂР°РєС‚,РєР°РїР»СЏ
РјРёРЅРґР°Р»СЊ РѕС‡РёС‰РµРЅРЅС‹Р№,Рі
РјРёРЅРґР°Р»СЊ СЂСѓР±Р»РµРЅС‹Р№,Рі
РјРёРЅРё-РєСѓРєСѓСЂСѓР·Р°,С€С‚.
РјРёРЅРѕРіР°,Рі
РјРёРЅС‚Р°Р№,Рі
РјРёРЅС‚Р°Р№ РїРµС‡РµРЅСЊ,Рі
РјРёРЅС‚Р°Р№ С„РёР»Рµ,Рі
РјРёСЃРѕ-РїР°СЃС‚Р°,Рі
РјРёСЃРѕ-СЃСѓРї,РїР°РєРµС‚
РјРѕР¶Р¶РµРІРµР»СЊРЅРёРє СЏРіРѕРґС‹,Рі
РјРѕР№РІР°,Рі
РјРѕР»Р»СЋСЃРєРё,Рі
РјРѕР»РѕРєРѕ,Рі
РјРѕР»РѕРєРѕ 0,5%,Рі
РјРѕР»РѕРєРѕ 1,5%,Рі
РјРѕР»РѕРєРѕ 2,5%,Рі
РјРѕР»РѕРєРѕ 3,2%,Рі
РјРѕР»РѕРєРѕ 3,6%,Рі
РјРѕР»РѕРєРѕ 4%,Рі
РјРѕР»РѕРєРѕ 6%,Рі
РјРѕР»РѕРєРѕ РєРѕР·СЊРµ,Рі
РјРѕР»РѕРєРѕ РєРѕРЅС†РµРЅС‚СЂРёСЂРѕРІР°РЅРЅРѕРµ,Рі
РјРѕР»РѕРєРѕ СЂРёСЃРѕРІРѕРµ,РјР»
РјРѕР»РѕРєРѕ СЃРіСѓС‰РµРЅРЅРѕРµ,Рі
РјРѕР»РѕРєРѕ СЃРіСѓС‰РµРЅРЅРѕРµ РІР°СЂРµРЅРѕРµ,СЃС‚. Р».
РјРѕР»РѕРєРѕ СЃРіСѓС‰РµРЅРЅРѕРµ СЃ РєР°РєР°Рѕ,Рі
РјРѕР»РѕРєРѕ СЃСѓС…РѕРµ,Рі
РјРѕР»РѕРєРѕ СЃСѓС…РѕРµ РѕР±РµР·Р¶РёСЂРµРЅРЅРѕРµ,СЃС‚. Р».
РјРѕР»РѕРєРѕ С‚РѕРїР»РµРЅРѕРµ,Рі
РјРѕР»РѕС‡РЅР°СЏ СЃРјРµСЃСЊ,Рі
РјРѕР»РѕС‡РЅС‹Рµ РїСЂРѕРґСѓРєС‚С‹,Рі
РјРѕСЂРµРїСЂРѕРґСѓРєС‚С‹,С€С‚.
РјРѕСЂРєРѕРІРЅРѕРµ РїСЋСЂРµ,Рі
РјРѕСЂРєРѕРІСЊ,Рі
РјРѕСЂРєРѕРІСЊ РІР°СЂРµРЅР°СЏ,Рі
РјРѕСЂРєРѕРІСЊ РєСЂСѓРїРЅР°СЏ,Рі
РјРѕСЂРєРѕРІСЊ РјРѕР»РѕРґР°СЏ,Рі
РјРѕСЂРєРѕРІСЊ РїРѕ-РєРѕСЂРµР№СЃРєРё,Рі
РјРѕСЂРєРѕРІСЊ С‚РµСЂС‚Р°СЏ,С€С‚.
РјРѕСЂРѕР¶РµРЅРѕРµ,РїРѕ РІРєСѓСЃСѓ
РјРѕСЂРѕР¶РµРЅРѕРµ РІР°РЅРёР»СЊРЅРѕРµ,Рі
РјРѕСЂРѕР¶РµРЅРѕРµ РєР»СѓР±РЅРёС‡РЅРѕРµ,Рі
РјРѕСЂРѕР¶РµРЅРѕРµ Р»РёРјРѕРЅРЅРѕРµ,РїРѕ РІРєСѓСЃСѓ
РјРѕСЂРѕР¶РµРЅРѕРµ РјР°Р»РёРЅРѕРІРѕРµ,Рі
РјРѕСЂРѕР¶РµРЅРѕРµ РїР»РѕРјР±РёСЂ,Рі
РјРѕСЂРѕР¶РµРЅРѕРµ С€РѕРєРѕР»Р°РґРЅРѕРµ,РјР»
РјРѕСЂРѕС€РєР°,Рі
РјРѕСЂСЃРєРёРµ РіСЂРµР±РµС€РєРё,РєРі
РјРѕСЂСЃРєРѕР№ РєРѕРєС‚РµР№Р»СЊ,Рі
РјРѕСЂСЃРєРѕР№ РєРѕРєС‚РµР№Р»СЊ РІ РјР°СЃР»Рµ,СѓРїР°РєРѕРІРєР°
РјРѕСЂСЃРєРѕР№ РєРѕРєС‚РµР№Р»СЊ Р·Р°РјРѕСЂРѕР¶РµРЅРЅС‹Р№,Рі
РјРѕСЂСЃРєРѕР№ С‡РµСЂС‚,Рі
РјРѕСЂСЃРєРѕР№ СЏР·С‹Рє,Рі
РјРѕСЂСЃРєРѕР№ СЏР·С‹Рє С„РёР»Рµ,Рі
РјРѕСЂС‚Р°РґРµР»Р»Р°,Рі
РјРѕС†Р°СЂРµР»Р»Р°,Рі
РјРѕС†Р°СЂРµР»Р»Р° РґР»СЏ Р·Р°РїРµРєР°РЅРёСЏ,Рі
РјРѕС†Р°СЂРµР»Р»Р° РґР»СЏ РїРёС†С†С‹,Рі
РјРѕС†Р°СЂРµР»Р»Р° РјРёРЅРё,Рі
РјРѕС†Р°СЂРµР»Р»Р° СЃ С‚СЂР°РІР°РјРё,Рі
РјРѕС†Р°СЂРµР»Р»Р° С€Р°СЂРёРє Р±РѕР»СЊС€РѕР№,Рі
РјСѓРєР°,Рі
РјСѓРєР° 1 СЃРѕСЂС‚,Рі
РјСѓРєР° 2 СЃРѕСЂС‚,Рі
РјСѓРєР° В«РђР»Р°РґСѓС€РєРёРЅВ»,Рі
РјСѓРєР° РіСЂСѓР±РѕРіРѕ РїРѕРјРѕР»Р°,Рі
РјСѓРєР° РґР»СЏ С‚РµРјРїСѓСЂС‹,Рі
РјСѓРєР° РёР· РїСЂРѕСЂРѕС‰РµРЅРЅРѕР№ РїС€РµРЅРёС†С‹,СЃС‚. Р».
РјСѓРєР° РјР°РЅРёС‚РѕР±Р°,Рі
РјСѓРєР° СЃР°РјРѕРїРѕРґРЅРёРјР°СЋС‰Р°СЏСЃСЏ,Рі
РјСѓРєР° СЃ РѕС‚СЂСѓР±СЏРјРё,С‡. Р».
РјСѓРєР° СЃ СЃРµРјРµС‡РєР°РјРё,Рі
РјСѓРєР° С…Р»РµР±РѕРїРµРєР°СЂРЅР°СЏ,Рі
РјСѓРєР° С†РµР»СЊРЅРѕР·РµСЂРЅРѕРІР°СЏ,Рі
РјСѓСЃРєР°С‚ Р±РµР»С‹Р№,РјР»
РјСѓСЃРєР°С‚РЅРѕРµ РІРёРЅРѕ,Рі
РјСѓСЃРєР°С‚РЅС‹Р№ РѕСЂРµС…,Рі
РјСѓСЃРєР°С‚РЅС‹Р№ РѕСЂРµС… РјРѕР»РѕС‚С‹Р№,Рі
РјСЋСЃР»Рё,Рі
РјСЏРіРєРёР№ С‚РІРѕСЂРѕРі,Рі
РјСЏСЃРЅРѕР№ Р±СѓР»СЊРѕРЅ,Рі
РјСЏСЃРЅРѕР№ С„Р°СЂС€,Рі
РјСЏСЃРѕ,Рі
РјСЏСЃРѕ РґРёРєРѕРіРѕ РєР°Р±Р°РЅР°,Рі
РјСЏСЃРѕ РєСЂРёР»СЏ,Рі
РјСЏСЃРѕ РЅР° РєРѕСЃС‚РѕС‡РєРµ,РєРі
РјСЏС‚Р°,Рі
РјСЏС‚Р° СЃСѓС€РµРЅР°СЏ,Рі
РјСЏС‚РЅС‹Р№ СЃРёСЂРѕРї,Рі
РјСЏС‚РЅС‹Р№ С€РЅР°РїСЃ,Рі
РЅР°СЂРґРµРє,Рі
РЅРµРєС‚Р°СЂРёРЅС‹,С€С‚.
РЅРѕРіР° СЏРіРЅРµРЅРєР° Р±РµР· РєРѕСЃС‚Рё,Рі
РЅРѕСЂРё,Рі
РЅСѓРіР°,Рі
РЅСѓРіР° СЃ РѕСЂРµС…Р°РјРё,Рі
РЅСѓС‚,Рі
РЅСѓС‚РµР»Р»Р°,Рі
РЅСѓС‚ РєРѕРЅСЃРµСЂРІРёСЂРѕРІР°РЅРЅС‹Р№,Рі
РЅСѓС‚РѕРІР°СЏ РјСѓРєР°,Рі
РѕР±Р»РµРїРёС…Р°,Рі
РѕР±Р»РµРїРёС…Р° Р·Р°РјРѕСЂРѕР¶РµРЅРЅР°СЏ,Рі
РѕР±Р»РµРїРёС…РѕРІС‹Р№ СЃРёСЂРѕРї,СЃС‚Р°РєР°РЅ
РѕРІРѕС‰Рё,Рі
РѕРІРѕС‰РЅР°СЏ СЃРјРµСЃСЊ,Рі
РѕРІРѕС‰РЅР°СЏ СЃРјРµСЃСЊ Р·Р°РјРѕСЂРѕР¶РµРЅРЅР°СЏ,Рі
РѕРІРѕС‰РЅР°СЏ СЃРјРµСЃСЊ Р·Р°РјРѕСЂРѕР¶РµРЅРЅР°СЏ РґР»СЏ wok,Рі
РѕРІРѕС‰РЅР°СЏ СЃРјРµСЃСЊ РїРѕ-РєРёС‚Р°Р№СЃРєРё,Рі
РѕРІРѕС‰РЅРѕР№ Р±СѓР»СЊРѕРЅ,РїРѕ РІРєСѓСЃСѓ
РѕРІСЃСЏРЅР°СЏ РјСѓРєР°,Рі
РѕРІСЃСЏРЅРѕРµ РјРѕР»РѕРєРѕ,СЃС‚Р°РєР°РЅ
РѕРІСЃСЏРЅРѕРµ РїРµС‡РµРЅСЊРµ,Рі
РѕРІСЃСЏРЅРѕРµ С‚РѕР»РѕРєРЅРѕ,Рі
РѕРІСЃСЏРЅС‹Рµ Р·РµСЂРЅР°,Рі
РѕРІСЃСЏРЅС‹Рµ РѕС‚СЂСѓР±Рё,Рі
РѕРІСЃСЏРЅС‹Рµ С…Р»РѕРїСЊСЏ,Рі
РѕРІСЃСЏРЅС‹Рµ С…Р»РѕРїСЊСЏ Р±С‹СЃС‚СЂРѕРіРѕ РїСЂРёРіРѕС‚РѕРІР»РµРЅРёСЏ,Рі
РѕРіСѓСЂРµС‡РЅС‹Р№ СЂР°СЃСЃРѕР»,СЃС‚Р°РєР°РЅ
РѕРіСѓСЂС†С‹,Рі
РѕРіСѓСЂС†С‹ РєРѕРЅСЃРµСЂРІРёСЂРѕРІР°РЅРЅС‹Рµ,С€С‚.
РѕРіСѓСЂС†С‹ РјР°Р»РѕСЃРѕР»СЊРЅС‹Рµ,С€С‚.
РѕРіСѓСЂС†С‹ РјР°СЂРёРЅРѕРІР°РЅРЅС‹Рµ,Р±Р°РЅРєР°
РѕРіСѓСЂС†С‹ СЃРІРµР¶РёРµ,Рі
РѕРіСѓСЂС†С‹ СЃРѕР»РµРЅС‹Рµ,Рі
РѕРґСѓРІР°РЅС‡РёРєРё,Рі
РѕРєРѕСЂРѕРє,Рі
РѕРєРѕСЂРѕРє РІР°СЂРµРЅРѕ-РєРѕРїС‡РµРЅС‹Р№,Рі
РѕРєСѓРЅСЊ,Рі
РѕРєСѓРЅСЊ РєСЂР°СЃРЅС‹Р№ С„РёР»Рµ,Рі
РѕРєСѓРЅСЊ РјРѕСЂСЃРєРѕР№,Рі
РѕРєСѓРЅСЊ РјРѕСЂСЃРєРѕР№ С„РёР»Рµ,Рі
РѕРєСѓРЅСЊ С„РёР»Рµ,Рі
РѕР»РµРЅРёРЅР°,Рі
РѕР»РёРІРєРё,Рі
РѕР»РёРІРєРё Р±РµР· РєРѕСЃС‚РѕС‡РµРє,Рі
РѕР»РёРІРєРё Р·РµР»РµРЅС‹Рµ,РїРѕ РІРєСѓСЃСѓ
РѕР»РёРІРєРё Р·РµР»РµРЅС‹Рµ РєРѕРЅСЃРµСЂРІРёСЂРѕРІР°РЅРЅС‹Рµ,Р±Р°РЅРєР°
РѕР»РёРІРєРё РєР°Р»Р°РјР°С‚Р°,Рі
РѕР»РёРІРєРё РєРѕРЅСЃРµСЂРІРёСЂРѕРІР°РЅРЅС‹Рµ,Рі
РѕР»РёРІРєРё, С„Р°СЂС€РёСЂРѕРІР°РЅРЅС‹Рµ Р°РЅС‡РѕСѓСЃР°РјРё,Рі
РѕР»РёРІРєРё С‡РµСЂРЅС‹Рµ,РїРѕ РІРєСѓСЃСѓ
РѕР»РёРІРєРѕРІР°СЏ РїР°СЃС‚Р°,Рі
РѕР»РёРІРєРѕРІРѕРµ РјР°СЃР»Рѕ,Рі
РѕР»РёРІРєРѕРІРѕРµ РјР°СЃР»Рѕ Extra Virgin,Рі
РѕРїСѓРЅС†РёСЏ РїР»РѕРґС‹,Рі
РѕРїСЏС‚Р°,РїРѕ РІРєСѓСЃСѓ
РѕРїСЏС‚Р° Р·Р°РјРѕСЂРѕР¶РµРЅРЅС‹Рµ,Рі
РѕРїСЏС‚Р° РјР°СЂРёРЅРѕРІР°РЅРЅС‹Рµ,Рі
РѕСЂРµРіР°РЅРѕ,Рі
РѕСЂРµРіР°РЅРѕ СЃРІРµР¶РёР№,Рі
РѕСЂРµРіР°РЅРѕ СЃСѓС€РµРЅС‹Р№,Рі
РѕСЂРµС…Рё,Рі
РѕСЂРµС…Рё Р±СЂР°Р·РёР»СЊСЃРєРёРµ,Рі
РѕСЂРµС…Рё РјР°РєР°РґР°РјРёСЏ,Рі
РѕСЂРµС…Рё РїРµРєР°РЅ,Рі
РѕСЂРµС…Рё РїРёРЅРёРё,Рі
РѕСЂРµС…РѕРІР°СЏ РєСЂРѕС€РєР°,СЃС‚Р°РєР°РЅ
РѕСЂРµС…РѕРІР°СЏ РїР°СЃС‚Р°,С€С‚.
РѕСЂРµС…РѕРІРѕРµ РјР°СЃР»Рѕ,СЃС‚. Р».
РѕСЂРµС…РѕРІС‹Р№ Р»РёРєРµСЂ,РјР»
РѕСЂРµС…РѕРІС‹Р№ СЃРѕСѓСЃ,СЃС‚. Р».
РѕСЃРµС‚СЂ,Рі
РѕСЃРµС‚СЂРёРЅР° С…РѕР»РѕРґРЅРѕРіРѕ РєРѕРїС‡РµРЅРёСЏ,Рі
РѕСЃСЊРјРёРЅРѕРі,Рі
РѕСЃСЊРјРёРЅРѕРіРё РєРѕРЅСЃРµСЂРІРёСЂРѕРІР°РЅРЅС‹Рµ,Рі
РѕСЃСЊРјРёРЅРѕРіРё РјРёРЅРё,Рі
РѕС‚СЂСѓР±Рё,Рі
РѕС€РµРµРє,Рі
РїР°РіСЂ,Рі
РїР°Р¶РёС‚РЅРёРє,Рі
РїР°Р¶РёС‚РЅРёРє СЃРµРјРµРЅР°,Рі
РїР°Р»С‚СѓСЃ,Рі
РїР°Р»СЊРјРѕРІРѕРµ РјР°СЃР»Рѕ,Рі
РїР°РЅРіР°СЃРёСѓСЃ,Рі
РїР°РЅРµС‚С‚РѕРЅРµ,С€С‚.
РџР°РЅРёС„Р°СЂРёРЅ,Рі
РїР°РЅС‡РµС‚С‚Р°,Рі
РїР°РїР°Р№СЏ,Рі
РїР°РїР°Р№СЏ РєРѕРЅСЃРµСЂРІРёСЂРѕРІР°РЅРЅР°СЏ РІ СЃРѕР±СЃС‚РІРµРЅРЅРѕРј СЃРѕРєСѓ,Рі
РїР°РїРѕСЂРѕС‚РЅРёРє,Рі
РїР°РїРѕСЂРѕС‚РЅРёРє СЃРѕР»РµРЅС‹Р№,СѓРїР°РєРѕРІРєР°
РїР°РїРїР°СЂРґРµР»Р»Рµ,Рі
РїР°РїСЂРёРєР°,Рі
РїР°РїСЂРёРєР° РєРѕРїС‡РµРЅР°СЏ,СЃС‚. Р».
РїР°РїСЂРёРєР° РєСЂР°СЃРЅР°СЏ,СЃС‚. Р».
РїР°РїСЂРёРєР° РєСЂР°СЃРЅР°СЏ РјРѕР»РѕС‚Р°СЏ,Рі
РїР°РїСЂРёРєР° РѕСЃС‚СЂР°СЏ РєРѕРїС‡РµРЅР°СЏ,Рі
РїР°РїСЂРёРєР° СЃР»Р°РґРєР°СЏ,Рі
РїР°РїСЂРёРєР° СЃР»Р°РґРєР°СЏ РєРѕРїС‡РµРЅР°СЏ,Рі
РїР°РїСЂРёРєР° СЃР»Р°РґРєР°СЏ С…Р»РѕРїСЊСЏРјРё,С‡. Р».
РїР°СЂРјРµР·Р°РЅ,Рі
РїР°СЃС‚Р°,Рі
РїР°СЃС‚Р° РІРµРґР¶РёРјР°Р№С‚,Рі
РїР°СЃС‚Р° С‚Р°С…РёРЅРё,Рі
РїР°СЃС‚Р° С…Р°СЂРёСЃР°,СЃС‚. Р».
РїР°СЃС‚РµСЂРЅР°Рє,Рі
РїР°СЃС‚РёР»Р°,Рі
РїР°СЃС‚РёР»Р° РІРёРЅРѕРіСЂР°РґРЅР°СЏ,Рі
РїР°С‚РёСЃСЃРѕРЅС‹,Рі
РїР°С‚РѕРєР°,Рі
РїР°С‚РѕРєР° РєСЂР°С…РјР°Р»СЊРЅР°СЏ,Рі
РїР°С‚РѕРєР° С‡РµСЂРЅР°СЏ (РјРµР»Р°СЃСЃР°),Рі
РїР°С…С‚Р°,Рі
РїР°С€С‚РµС‚,Рі
РїРµРєР°СЂСЃРєРёР№ РїРѕСЂРѕС€РѕРє,Рі
РїРµРєР°СЂСЃРєРёР№ РїРѕСЂРѕС€РѕРє,С‡. Р».
РїРµРєРѕСЂРёРЅРѕ,Рі
РїРµРєС‚РёРЅ,Рі
РїРµР»РµРЅРіР°СЃ,Рі
РїРµР»СЊРјРµРЅРё,Рі
РїРµРЅРЅРµ,Рі
РїРµРЅРЅРµ СЂРёРіР°С‚Рµ,Рі
РїРµРїРµСЂРѕРЅС‡РёРЅРѕ,С‡. Р».
РїРµРїРµСЂРѕРЅС‡РёРЅРѕ РјРѕР»РѕС‚С‹Р№,С‰РµРїРѕС‚РєР°
РїРµСЂРµРІРѕРґРЅРѕР№ Р»РёСЃС‚ РґР»СЏ С€РѕРєРѕР»Р°РґР°,С€С‚.
РїРµСЂРµРїРµР»РєРё,С‚СѓС€РєР°
РїРµСЂРµС†,Рі
РїРµСЂРµС† Р±РµР»С‹Р№,Рі
РїРµСЂРµС† Р±РµР»С‹Р№ РіРѕСЂРѕС€РєРѕРј,РїРѕ РІРєСѓСЃСѓ
РїРµСЂРµС† Р±РµР»С‹Р№ РјРѕР»РѕС‚С‹Р№,Рі
РїРµСЂРµС† Р±РµР»С‹Р№ СЃРІРµР¶РµРјРѕР»РѕС‚С‹Р№,С‡. Р».
РїРµСЂРµС† Р±РѕР»РіР°СЂСЃРєРёР№,Рі
РїРµСЂРµС† Р±РѕР»РіР°СЂСЃРєРёР№ Р¶РµР»С‚С‹Р№,Рі
РїРµСЂРµС† Р±РѕР»РіР°СЂСЃРєРёР№ Р·РµР»РµРЅС‹Р№,Рі
РїРµСЂРµС† Р±РѕР»РіР°СЂСЃРєРёР№ РєСЂР°СЃРЅС‹Р№,Рі
РїРµСЂРµС† РіРѕСЂРѕС€РєРѕРј,Рі
РїРµСЂРµС† РіРѕСЂРѕС€РєРѕРј СЃРјРµСЃСЊ,Рі
РїРµСЂРµС† РґСѓС€РёСЃС‚С‹Р№,С‰РµРїРѕС‚РєР°
РїРµСЂРµС† РґСѓС€РёСЃС‚С‹Р№ РіРѕСЂРѕС€РєРѕРј,Рі
РїРµСЂРµС† РґСѓС€РёСЃС‚С‹Р№ РјРѕР»РѕС‚С‹Р№,Рі
РїРµСЂРµС† РёСЃРїР°РЅСЃРєРёР№ РѕСЃС‚СЂС‹Р№,С€С‚.
РїРµСЂРµС† РєР°Р№РµРЅСЃРєРёР№,Рі
РїРµСЂРµС† РєР°Р№РµРЅСЃРєРёР№ РєСЂР°СЃРЅС‹Р№,Рі
РїРµСЂРµС† РєР°Р№РµРЅСЃРєРёР№ РјРѕР»РѕС‚С‹Р№,С‰РµРїРѕС‚РєР°
РїРµСЂРµС† РєСЂР°СЃРЅС‹Р№,Рі
РїРµСЂРµС† РєСЂР°СЃРЅС‹Р№ РіРѕСЂРѕС€РєРѕРј,Рі
РїРµСЂРµС† РєСЂР°СЃРЅС‹Р№ Р¶РіСѓС‡РёР№,Рі
РїРµСЂРµС† РєСЂР°СЃРЅС‹Р№ РјРѕР»РѕС‚С‹Р№,Рі
РїРµСЂРµС† РєСЂР°СЃРЅС‹Р№ РѕСЃС‚СЂС‹Р№,Рі
РїРµСЂРµС† РєСЂР°СЃРЅС‹Р№ РѕСЃС‚СЂС‹Р№ РјРѕР»РѕС‚С‹Р№,РїРѕ РІРєСѓСЃСѓ
РїРµСЂРµС† РєСЂР°СЃРЅС‹Р№ С…Р»РѕРїСЊСЏРјРё,С‰РµРїРѕС‚РєР°
РїРµСЂРµС† Р»РёРјРѕРЅРЅС‹Р№,Рі
РїРµСЂРµС† РјР°СЂРёРЅРѕРІР°РЅРЅС‹Р№,Рі
РїРµСЂРµС† РѕСЃС‚СЂС‹Р№,Рі
РїРµСЂРµС† РѕСЃС‚СЂС‹Р№ Р·РµР»РµРЅС‹Р№,С€С‚.
РїРµСЂРµС† РѕСЃС‚СЂС‹Р№ РјРѕР»РѕС‚С‹Р№,С‰РµРїРѕС‚РєР°
РїРµСЂРµС† РїР°РґСЂРѕРЅ,Рі
РїРµСЂРµС† РїРµРїРµСЂРѕРЅРё,Рі
РїРµСЂРµС† РїРµРїРµСЂРѕРЅРё РєСЂР°СЃРЅС‹Р№,С€С‚.
РїРµСЂРµС† СЂРѕР·РѕРІС‹Р№ РіРѕСЂРѕС€РєРѕРј,Рі
РїРµСЂРµС† СЃРІРµР¶РµРјРѕР»РѕС‚С‹Р№ СЃРјРµСЃСЊ,Рі
РїРµСЂРµС† СЃРµРЅРµРіР°Р»СЊСЃРєРёР№,РїРѕ РІРєСѓСЃСѓ
РїРµСЂРµС† СЃР»Р°РґРєРёР№,Рі
РїРµСЂРµС† СЃР»Р°РґРєРёР№ Р¶РµР»С‚С‹Р№,Рі
РїРµСЂРµС† СЃР»Р°РґРєРёР№ Р·РµР»РµРЅС‹Р№,Рі
РїРµСЂРµС† СЃР»Р°РґРєРёР№ РєСЂР°СЃРЅС‹Р№,Рі
РїРµСЂРµС† СЃР»Р°РґРєРёР№ РєСЂР°СЃРЅС‹Р№ РјР°СЂРёРЅРѕРІР°РЅРЅС‹Р№,С€С‚.
РїРµСЂРµС† СЃР»Р°РґРєРёР№ РєСЂР°СЃРЅС‹Р№ РјРѕР»РѕС‚С‹Р№,Рі
РїРµСЂРµС† СЃР»Р°РґРєРёР№ РѕСЂР°РЅР¶РµРІС‹Р№,Рі
РїРµСЂРµС† СЃР»Р°РґРєРёР№ СЃСѓС€РµРЅС‹Р№,Рі
РїРµСЂРµС† СЃС‹С‡СѓР°РЅСЊСЃРєРёР№,Рі
РїРµСЂРµС† С…Р°Р»Р°РїРµРЅСЊРѕ,Рі
РїРµСЂРµС† С…Р°Р»Р°РїРµРЅСЊРѕ РјР°СЂРёРЅРѕРІР°РЅРЅС‹Р№,С€С‚.
РїРµСЂРµС† С‡РµСЂРЅС‹Р№,СЃС‚. Р».
РїРµСЂРµС† С‡РµСЂРЅС‹Р№ РіРѕСЂРѕС€РєРѕРј,РїРѕ РІРєСѓСЃСѓ
РїРµСЂРµС† С‡РµСЂРЅС‹Р№ РјРѕР»РѕС‚С‹Р№,Рі
РїРµСЂРµС† С‡РµСЂРЅС‹Р№ СЃРІРµР¶РµРјРѕР»РѕС‚С‹Р№,Рі
РїРµСЂРµС† С‡РёР»Рё,Рі
РїРµСЂРµС† С‡РёР»Рё Р·РµР»РµРЅС‹Р№,СЃС‚СЂСѓС‡РѕРє
РїРµСЂРµС† С‡РёР»Рё РєСЂР°СЃРЅС‹Р№,СЃС‚СЂСѓС‡РѕРє
РїРµСЂРµС† С‡РёР»Рё РјР°СЂРёРЅРѕРІР°РЅРЅС‹Р№,РїРѕ РІРєСѓСЃСѓ
РїРµСЂРµС† С‡РёР»Рё РјРѕР»РѕС‚С‹Р№,Рі
РїРµСЂРµС† С‡РёР»Рё СЃСѓС…РѕР№,СЃС‚. Р».
РїРµСЂРµС† С‡РёР»Рё С…Р»РѕРїСЊСЏРјРё,РїРѕ РІРєСѓСЃСѓ
РїРµСЂРµС† СЏРјР°Р№СЃРєРёР№,Рі
РїРµСЂР»РѕРІР°СЏ РєСЂСѓРїР°,Рі
РїРµСЂР»РѕРІР°СЏ РјСѓРєР°,Рі
РїРµСЂСЃРёРєРё,Рі
РїРµСЂСЃРёРєРё РєРѕРЅСЃРµСЂРІРёСЂРѕРІР°РЅРЅС‹Рµ,Рі
РїРµСЂСЃРёРєРё СЃСѓС€РµРЅС‹Рµ,РіРѕСЂСЃС‚СЊ
РїРµСЂСЃРёРєРѕРІРѕРµ РїСЋСЂРµ,Рі
РїРµСЂСЃРёРєРѕРІС‹Р№ РґР¶РµРј,Рі
РїРµСЂСЃРёРєРѕРІС‹Р№ РјР°СЂРјРµР»Р°Рґ,СЃС‚. Р».
РїРµСЂСЃРёРєРѕРІС‹Р№ СЃРёСЂРѕРї,РјР»
РїРµСЂСЃРёРєРѕРІС‹Р№ СЃРѕРє,Рі
РїРµСЂС†РѕРІР°СЏ РїР°СЃС‚Р°,С‡. Р».
РїРµС‚СЂСѓС€РєР°,Рі
РїРµС‚СЂСѓС€РєР° Р·РµР»РµРЅСЊ,Рі
РїРµС‚СЂСѓС€РєР° РёС‚Р°Р»СЊСЏРЅСЃРєР°СЏ,РїСѓС‡РѕРє
РїРµС‚СЂСѓС€РєР° РєРѕСЂРµРЅСЊ,Рі
РїРµС‚СЂСѓС€РєР° СЂСѓР±Р»РµРЅР°СЏ,Рі
РїРµС‚СЂСѓС€РєР° СЃСѓС€РµРЅР°СЏ,Рі
РїРµС‡РµРЅСЊ,Рі
РїРµС‡РµРЅСЊРµ,РїРѕ РІРєСѓСЃСѓ
РїРµС‡РµРЅСЊРµ Oreo,Рі
РїРµС‡РµРЅСЊРµ РђРјР°СЂРµС‚С‚Рё,Рі
РїРµС‡РµРЅСЊРµ Р±РёСЃРєРІРёС‚РЅРѕРµ,Рі
РїРµС‡РµРЅСЊРµ РіР°Р»РµС‚РЅРѕРµ,С€С‚.
РїРµС‡РµРЅСЊРµ В«Р”Р°РјСЃРєРёРµ РїР°Р»СЊС‡РёРєРёВ»,Рі
РїРµС‡РµРЅСЊРµ РїРµСЃРѕС‡РЅРѕРµ,Рі
РїРµС‡РµРЅСЊРµ СЂР°СЃСЃС‹РїС‡Р°С‚РѕРµ,Рі
РїРµС‡РµРЅСЊРµ РЎР°РІРѕСЏСЂРґРё,Рі
РїРµС‡РµРЅСЊРµ СЃР°С…Р°СЂРЅРѕРµ,Рі
РїРµС‡РµРЅСЊРµ СЃР»Р°РґРєРѕРµ,Рі
РїРµС‡РµРЅСЊРµ СЃСѓС…РѕРµ,Рі
РїРµС‡РµРЅСЊРµ С€РѕРєРѕР»Р°РґРЅРѕРµ,Рі
РїРµС‡РµРЅСЊРµ Р®Р±РёР»РµР№РЅРѕРµ РјРѕР»РѕС‡РЅРѕРµ,Рі
РїРёРІРѕ,Рі
РїРёРІРѕ РёРјР±РёСЂРЅРѕРµ,РјР»
РїРёРІРѕ РЅРµС„РёР»СЊС‚СЂРѕРІР°РЅРЅРѕРµ,Рі
РїРёРІРѕ СЃРІРµС‚Р»РѕРµ,Рі
РїРёРІРѕ С‚РµРјРЅРѕРµ,Р±Р°РЅРєР°
РїРёРєС€Р°,С€С‚.
РїРёС‚С‹,РїРѕ РІРєСѓСЃСѓ
РїРѕРІРёРґР»Рѕ,Рі
РїРѕРґСЃРѕР»РЅРµС‡РЅРѕРµ РјР°СЃР»Рѕ,Рі
РїРѕРґСЃРѕР»РЅРµС‡РЅС‹Рµ СЃРµРјРµС‡РєРё,Рі
РїРѕР»Р±Р°,Рі
РїРѕР»Р±Р° РЅРµРґРѕР·СЂРµР»Р°СЏ,Рі
РїРѕР»РµРЅС‚Р°,РїРѕ РІРєСѓСЃСѓ
РїРѕР»РµРЅС‚Р° Р±С‹СЃС‚СЂРѕРіРѕ РїСЂРёРіРѕС‚РѕРІР»РµРЅРёСЏ,СЃС‚Р°РєР°РЅ
РїРѕРјРµР»Рѕ,Рі
РїРѕРјРёРґРѕСЂС‹,Рі
РїРѕРјРёРґРѕСЂС‹ Р±СѓСЂС‹Рµ,Рі
РїРѕРјРёРґРѕСЂС‹ РІСЏР»РµРЅС‹Рµ,РїРѕ РІРєСѓСЃСѓ
РїРѕРјРёРґРѕСЂС‹ РІСЏР»РµРЅС‹Рµ РІ РјР°СЃР»Рµ,Рі
РїРѕРјРёРґРѕСЂС‹ Р¶РµР»С‚С‹Рµ,С€С‚.
РїРѕРјРёРґРѕСЂС‹ Р·РµР»РµРЅС‹Рµ,РєРі
РїРѕРјРёРґРѕСЂС‹ РєРѕРЅСЃРµСЂРІРёСЂРѕРІР°РЅРЅС‹Рµ,Рі
РїРѕРјРёРґРѕСЂС‹ РєРѕРЅСЃРµСЂРІРёСЂРѕРІР°РЅРЅС‹Рµ РІ СЃРѕР±СЃС‚РІРµРЅРЅРѕРј СЃРѕРєСѓ,Рі
РїРѕРјРёРґРѕСЂС‹ РєРѕРЅСЃРµСЂРІРёСЂРѕРІР°РЅРЅС‹Рµ РІ СЃРѕР±СЃС‚РІРµРЅРЅРѕРј СЃРѕРєСѓ СЃ Р±Р°Р·РёР»РёРєРѕРј,Рі
РїРѕРјРёРґРѕСЂС‹ РїСЂРѕС‚РµСЂС‚С‹Рµ РїР°СЃСЃР°С‚Р°,Рі
РїРѕРјРёРґРѕСЂС‹ СЃРѕР»РµРЅС‹Рµ,С€С‚.
РїРѕРјРёРґРѕСЂС‹ СЃСѓС€РµРЅС‹Рµ С…Р»РѕРїСЊСЏРјРё,Рі
РїРѕРјРёРґРѕСЂС‹ С‡РµСЂСЂРё,Рі
РїРѕРјРёРґРѕСЂС‹ С‡РµСЂСЂРё Р¶РµР»С‚С‹Рµ,Рі
РїРѕРїРєРѕСЂРЅ,Рі
РїРѕСЂРѕСЃРµРЅРѕРє,РєРі
РїРѕСЂС‚РІРµР№РЅ,Рі
РїРѕСЂС‚РѕР±РµР»Р»Рѕ,Рі
РїРѕСЂС‚СѓР»Р°Рє,Рі
РїРѕСЃС‹РїРєР° РєРѕРЅРґРёС‚РµСЂСЃРєР°СЏ,РїРѕ РІРєСѓСЃСѓ
РїРѕС‡РєРё,Рі
РїСЂРёРїСЂР°РІР° 4 РїРµСЂС†Р°,Рі
РїСЂРёРїСЂР°РІР° 5 СЃРїРµС†РёР№ (five spice),С‡. Р».
РїСЂРёРїСЂР°РІР° РґР»СЏ Р±Р°СЂР°РЅРёРЅС‹,СЃС‚. Р».
РїСЂРёРїСЂР°РІР° РґР»СЏ РєР°СЂС‚РѕС„РµР»СЏ,Рі
РїСЂРёРїСЂР°РІР° РґР»СЏ РєСѓСЂРёС†С‹,Рі
РїСЂРёРїСЂР°РІР° РґР»СЏ РјР°РєР°СЂРѕРЅ,РїРѕ РІРєСѓСЃСѓ
РїСЂРёРїСЂР°РІР° РґР»СЏ РјР°СЂРёРЅРѕРІР°РЅРёСЏ СЃРІРёРЅРёРЅС‹,РїРѕ РІРєСѓСЃСѓ
РїСЂРёРїСЂР°РІР° РґР»СЏ РјРѕСЂРµРїСЂРѕРґСѓРєС‚РѕРІ,РїРѕ РІРєСѓСЃСѓ
РїСЂРёРїСЂР°РІР° РґР»СЏ РјСЏСЃР°,Рі
РїСЂРёРїСЂР°РІР° РґР»СЏ РїР°СЌР»СЊРё,РїРѕ РІРєСѓСЃСѓ
РїСЂРёРїСЂР°РІР° РґР»СЏ РїРёС†С†С‹,С‡. Р».
РїСЂРёРїСЂР°РІР° РґР»СЏ РїР»РѕРІР°,Рі
РїСЂРёРїСЂР°РІР° РґР»СЏ РїС‚РёС†С‹,СЃС‚. Р».
РїСЂРёРїСЂР°РІР° РґР»СЏ СЂС‹Р±С‹,Рі
РїСЂРёРїСЂР°РІР° РґР»СЏ СЃР°Р»Р°С‚РѕРІ,РїРѕ РІРєСѓСЃСѓ
РїСЂРёРїСЂР°РІР° Р·Р°Р°С‚Р°СЂ,С‡. Р».
РїСЂРёРїСЂР°РІР° РєСЂРµРѕР»СЊСЃРєР°СЏ,СЃС‚. Р».
РїСЂРёРїСЂР°РІР° СЃ СЃСѓС€РµРЅС‹РјРё РіСЂРёР±Р°РјРё,С‡. Р».
РїСЂРёРїСЂР°РІС‹,Рі
РїСЂРѕРІР°РЅСЃРєРёРµ С‚СЂР°РІС‹,Рі
РїСЂРѕРІРѕР»РѕРЅРµ,Рі
РїСЂРѕСЃРµРєРєРѕ,РјР»
РїСЂРѕСЃС‚РѕРєРІР°С€Р°,Рі
РїСЂРѕС‚РµРёРЅ СЃС‹РІРѕСЂРѕС‚РѕС‡РЅС‹Р№,Рі
РїСЂРѕС€СѓС‚С‚Рѕ,Рі
РїСЂСЏРЅРёРєРё,Рі
РїСЂСЏРЅРёС‡РЅС‹Рµ СЃРїРµС†РёРё,Рі
РїСЂСЏРЅРѕСЃС‚Рё,Рі
РїСЃРёР»Р»РёСѓРј,Рі
РїС‚РёС‚РёРј,Рі
РїСѓРґРёРЅРі,Рі
РїСѓРґРёРЅРі РІР°РЅРёР»СЊРЅС‹Р№,Рі
РїСѓРґРёРЅРі РІР°РЅРёР»СЊРЅС‹Р№ РёРЅСЃС‚Р°РЅС‚,СѓРїР°РєРѕРІРєР°
РїСѓРґРёРЅРі РєР°СЂР°РјРµР»СЊРЅС‹Р№,Рі
РїС€РµРЅРёС†Р°,Рі
РїС€РµРЅРёС‡РЅР°СЏ РєСЂСѓРїР°,Рі
РїС€РµРЅРёС‡РЅР°СЏ РјСѓРєР°,Рі
РїС€РµРЅРёС‡РЅР°СЏ РјСѓРєР° С†РµР»СЊРЅРѕР·РµСЂРЅРѕРІР°СЏ,Рі
РїС€РµРЅРёС‡РЅС‹Рµ Р·Р°СЂРѕРґС‹С€Рё,СЃС‚Р°РєР°РЅ
РїС€РµРЅРёС‡РЅС‹Рµ РѕС‚СЂСѓР±Рё,Рі
РїС€РµРЅРёС‡РЅС‹Рµ СЂРѕСЃС‚РєРё,Рі
РїС€РµРЅРёС‡РЅС‹Рµ С…Р»РѕРїСЊСЏ,Рі
РїС€РµРЅРЅС‹Рµ С…Р»РѕРїСЊСЏ,СЃС‚. Р».
РїС€РµРЅРѕ,Рі
РїС‹Р»СЊС†Р° С†РІРµС‚РѕС‡РЅР°СЏ,Рі
РїСЋСЂРµ,РїРѕ РІРєСѓСЃСѓ
СЂР°РґРёРєРєРёРѕ,С€С‚.
СЂР°Р·СЂС‹С…Р»РёС‚РµР»СЊ,Рі
СЂР°РєРё,С€С‚.
СЂР°РєРѕРІС‹Рµ С€РµР№РєРё,Рі
СЂР°РєРѕРІС‹Рµ С€РµР№РєРё РІ СЂР°СЃСЃРѕР»Рµ,Рі
СЂР°РјР±СѓС‚Р°РЅ,Рі
СЂР°РїР°РЅС‹,Рі
СЂР°РїСЃРѕРІРѕРµ РјР°СЃР»Рѕ,РїРѕ РІРєСѓСЃСѓ
СЂР°СЃСЃРѕР»,Рі
СЂР°СЃСЃРѕР» РѕС‚ РєР°РїРµСЂСЃРѕРІ,СЃС‚. Р».
СЂР°СЃСЃРѕР» РѕС‚ РѕР»РёРІРѕРє,СЃС‚. Р».
СЂР°СЃС‚РёС‚РµР»СЊРЅРѕРµ РјР°СЃР»Рѕ,Рі
СЂР°СЃС‚РёС‚РµР»СЊРЅРѕРµ РјР°СЃР»Рѕ РґР»СЏ Р¶Р°СЂРєРё,Рі
СЂР°СЃС‚РёС‚РµР»СЊРЅРѕРµ РјР°СЃР»Рѕ РЅРµСЂР°С„РёРЅРёСЂРѕРІР°РЅРЅРѕРµ,СЃС‚Р°РєР°РЅ
СЂР°СЃС‚РёС‚РµР»СЊРЅРѕРµ РјР°СЃР»Рѕ СЂР°С„РёРЅРёСЂРѕРІР°РЅРЅРѕРµ,Рі
СЂР°СЃС‚РёС‚РµР»СЊРЅРѕРµ РјРѕР»РѕРєРѕ,СЃС‚Р°РєР°РЅ
СЂРµРІРµРЅСЊ,Рі
СЂРµРіР°РЅ,РІРµС‚РѕС‡РєР°
СЂРµРґРёСЃ,Рі
СЂРµРґСЊРєР°,Рі
СЂРµРґСЊРєР° Р±РµР»Р°СЏ,С€С‚.
СЂРµРґСЊРєР° Р·РµР»РµРЅР°СЏ,С€С‚.
СЂРµРґСЊРєР° С‡РµСЂРЅР°СЏ,С€С‚.
СЂРµРїР°,Рі
СЂРµРїР° Р±РµР»Р°СЏ,С€С‚.
СЂР¶Р°РЅР°СЏ Р·Р°РєРІР°СЃРєР°,Рі
СЂР¶Р°РЅР°СЏ Р·Р°РєРІР°СЃРєР° РіСѓСЃС‚Р°СЏ,Рі
СЂР¶Р°РЅР°СЏ РјСѓРєР°,Рі
СЂР¶Р°РЅС‹Рµ РѕС‚СЂСѓР±Рё,Рі
СЂРёРіР°С‚РѕРЅРё,Рі
СЂРёРєРѕС‚С‚Р°,Рі
СЂРёРєРѕС‚С‚Р° С‚РІРµСЂРґР°СЏ,Рі
СЂРёСЃ,Рі
СЂРёСЃ Р°СЂР±РѕСЂРёРѕ,Рі
СЂРёСЃ Р±Р°СЃРјР°С‚Рё,Рі
СЂРёСЃ Р±СѓСЂС‹Р№,Рі
СЂРёСЃ Р±СѓСЂС‹Р№ Рё РґРёРєРёР№ СЃРјРµСЃСЊ,Рі
СЂРёСЃ РІР°СЂРµРЅС‹Р№,Рі
СЂРёСЃ РІРёРѕР»Р°,Рі
СЂРёСЃ РґРµРІР·РёСЂР°,Рі
СЂРёСЃ РґРёРєРёР№,Рі
СЂРёСЃ РґРёРєРёР№ Рё Р·РѕР»РѕС‚РёСЃС‚С‹Р№ СЃРјРµСЃСЊ,Рі
СЂРёСЃ РґР»РёРЅРЅРѕР·РµСЂРЅС‹Р№,Рі
СЂРёСЃ РґР»РёРЅРЅРѕР·РµСЂРЅС‹Р№ Р·РѕР»РѕС‚РёСЃС‚С‹Р№,Рі
СЂРёСЃ РґР»СЏ РїР»РѕРІР°,Рі
СЂРёСЃ РґР»СЏ РїСѓРґРёРЅРіР°,Рі
СЂРёСЃ РґР»СЏ СЂРёР·РѕС‚С‚Рѕ,Рі
СЂРёСЃ РґР»СЏ СЃСѓС€Рё,Рі
СЂРёСЃ Р¶Р°СЃРјРёРЅРѕРІС‹Р№,Рі
СЂРёСЃ Р·РѕР»РѕС‚РёСЃС‚С‹Р№,Рі
СЂРёСЃ РёРЅРґРёРєР°,Рі
СЂРёСЃ РёС‚Р°Р»РёРєР°,Рі
СЂРёСЃ РєР°СЂРЅР°СЂРѕР»Рё,Рі
СЂРёСЃ РєСЂР°СЃРЅС‹Р№,Рі
СЂРёСЃ РєСЂСѓРіР»РѕР·РµСЂРЅС‹Р№,Рі
СЂРёСЃ РєСѓР±Р°РЅСЃРєРёР№,Рі
СЂРёСЃРѕРІР°СЏ Р±СѓРјР°РіР°,Рі
СЂРёСЃРѕРІР°СЏ Р»Р°РїС€Р°,Рі
СЂРёСЃРѕРІР°СЏ РјСѓРєР°,Рі
СЂРёСЃРѕРІРѕРµ РІРёРЅРѕ,С‡. Р».
СЂРёСЃРѕРІС‹Рµ С…Р»РѕРїСЊСЏ,Рі
СЂРёСЃРѕРІС‹Рµ С€Р°СЂРёРєРё РІРѕР·РґСѓС€РЅС‹Рµ,Рі
СЂРёСЃРѕРІС‹Р№ РєСЂР°С…РјР°Р»,СЃС‚. Р».
СЂРёСЃРѕРІС‹Р№ СѓРєСЃСѓСЃ,РїРѕ РІРєСѓСЃСѓ
СЂРёСЃ РїСЂРѕРїР°СЂРµРЅРЅС‹Р№,Рі
СЂРёСЃ РїСЂРѕРїР°СЂРµРЅРЅС‹Р№ Рё РґРёРєРёР№ СЃРјРµСЃСЊ,Рі
СЂРёСЃ СЏРїРѕРЅРёРєР°,Рі
СЂРѕР¶СЊ,Рі
СЂРѕР·РјР°СЂРёРЅ,С€С‚.
СЂРѕР·РјР°СЂРёРЅ СЃСѓС€РµРЅС‹Р№,РїРѕ РІРєСѓСЃСѓ
СЂРѕР·РѕРІР°СЏ РІРѕРґР°,Рі
СЂРѕР·РѕРІС‹Рµ Р±СѓС‚РѕРЅС‹ СЃСѓС€РµРЅС‹Рµ,Рі
СЂРѕР·РѕРІС‹Рµ Р»РµРїРµСЃС‚РєРё,Рі
СЂРѕР·С‹,Рі
СЂРѕРєС„РѕСЂ,Рі
СЂРѕРј,Р±СѓС‚С‹Р»РєР°
СЂРѕРјР°С€РєР° СЃСѓС€РµРЅР°СЏ,Рі
СЂРѕРјРѕРІС‹Р№ СЌРєСЃС‚СЂР°РєС‚,С‡. Р».
СЂРѕРј С‚РµРјРЅС‹Р№,Рі
СЂРѕСЃС‚Р±РёС„,Рі
СЂСѓРєРѕР»Р°,Рі
СЂСѓР»СЊРєР°,РїРѕ РІРєСѓСЃСѓ
СЂС‹Р±Р°,Рі
СЂС‹Р±Р° Р±РµР»Р°СЏ,Рі
СЂС‹Р±Р° Р±РµР»Р°СЏ С„РёР»Рµ,Рі
СЂС‹Р±Р° РєРѕРЅСЃРµСЂРІРёСЂРѕРІР°РЅРЅР°СЏ,Р±Р°РЅРєР°
СЂС‹Р±Р° РєРѕРїС‡РµРЅР°СЏ,Рі
СЂС‹Р±Р° РєРѕРїС‡РµРЅР°СЏ С„РёР»Рµ,Рі
СЂС‹Р±Р° РєСЂР°СЃРЅР°СЏ,Рі
СЂС‹Р±Р° РєСЂР°СЃРЅР°СЏ СЃРѕР»РµРЅР°СЏ,Рі
СЂС‹Р±Р° РєСЂР°СЃРЅР°СЏ С„РёР»Рµ,Рі
СЂС‹Р±Р°-РјРµС‡,Рі
СЂС‹Р±Р° РјРѕСЂСЃРєР°СЏ,Рі
СЂС‹Р±Р° СЃРѕР»РЅРµС‡РЅРёРє С„РёР»Рµ,С€С‚.
СЂС‹Р±Р°-СЃРѕР»СЊ,С‚СѓС€РєР°
СЂС‹Р±РЅРѕРµ С„РёР»Рµ,Рі
СЂС‹Р±РЅС‹Рµ РєРѕРЅСЃРµСЂРІС‹,Рі
СЂС‹Р±РЅС‹Рµ РєРѕСЃС‚Рё,Рі
СЂС‹Р±РЅС‹Рµ РѕР±СЂРµР·РєРё, РіРѕР»РѕРІС‹, РїР»Р°РІРЅРёРєРё,РїРѕ РІРєСѓСЃСѓ
СЂС‹Р±РЅС‹Р№ Р±СѓР»СЊРѕРЅ,Рі
СЂС‹Р±РЅС‹Р№ СЃРѕСѓСЃ,Рі
СЂС‹Р±РЅС‹Р№ СЃРѕСѓСЃ Nam Pla,Рі
СЂС‹Р±РЅС‹Р№ СЃРѕСѓСЃ С‚Р°Р№СЃРєРёР№,Рі
СЂС‹Р±РЅС‹Р№ С„Р°СЂС€,Рі
СЂСЏР±РёРЅР° С‡РµСЂРЅРѕРїР»РѕРґРЅР°СЏ,Рі
СЂСЏР±С‡РёРє,Рі
СЂСЏР¶РµРЅРєР°,Рі
СЂСЏР¶РµРЅРєР° 4%,Рі
СЃР°Р№РґР°,Рі
СЃР°Р№РґР° С„РёР»Рµ,Рі
СЃР°Р№СЂР°,Рі
СЃР°Р№СЂР° РєРѕРЅСЃРµСЂРІРёСЂРѕРІР°РЅРЅР°СЏ,Р±Р°РЅРєР°
СЃР°РєРµ,СЃС‚. Р».
СЃР°Р»Р°РєР°,Рі
СЃР°Р»Р°С‚,Рі
СЃР°Р»Р°С‚ Р°Р№СЃР±РµСЂРі,Рі
СЃР°Р»Р°С‚ РєРёС‚Р°Р№СЃРєРёР№,Рі
СЃР°Р»Р°С‚ РєРѕСЂРЅ,РїСѓС‡РѕРє
СЃР°Р»Р°С‚ РєРѕС‡Р°РЅРЅС‹Р№,Рі
СЃР°Р»Р°С‚ РєСѓС‡РµСЂСЏРІС‹Р№,Рі
СЃР°Р»Р°С‚ Р»РёСЃС‚РѕРІРѕР№,Рі
СЃР°Р»Р°С‚РЅС‹Р№ РјРёРєСЃ,Рі
СЃР°Р»Р°С‚ СЂРѕРјР°РЅРѕ,Рі
СЃР°Р»Р°С‚ С„СЂРёСЃСЃРµ,Рі
СЃР°Р»Рѕ,Рі
СЃР°Р»Рѕ РєРѕРїС‡РµРЅРѕРµ РІ РїРµСЂС†Рµ,Рі
СЃР°Р»Рѕ РєРѕРїС‡РµРЅРѕРµ СЃ РјСЏСЃРЅС‹РјРё РїСЂРѕСЃР»РѕР№РєР°РјРё,Рі
СЃР°Р»Рѕ СЃ РјСЏСЃРЅС‹РјРё РїСЂРѕСЃР»РѕР№РєР°РјРё,Рі
СЃР°Р»СЊРЅРёРє,Рі
СЃР°Р»СЊСЃР°,Рі
СЃР°Р»СЊСЃР° РІРµСЂРґРµ,С‡. Р».
СЃР°Р»СЏРјРё,Рі
СЃР°Р»СЏРјРё РёС‚Р°Р»СЊСЏРЅСЃРєР°СЏ,Рі
СЃР°СЂРґРµР»СЊРєРё,Рі
СЃР°СЂРґРµР»СЊРєРё РєРѕРїС‡РµРЅС‹Рµ,Рі
СЃР°СЂРґРёРЅРєРё РјР°Р»РµРЅСЊРєРёРµ,С€С‚.
СЃР°СЂРґРёРЅС‹,Рі
СЃР°СЂРґРёРЅС‹ РІ РјР°СЃР»Рµ,Р±Р°РЅРєР°
СЃР°С…Р°СЂ,Рі
СЃР°С…Р°СЂ РІР°РЅРёР»СЊРЅС‹Р№,Рі
СЃР°С…Р°СЂ РґРµРјРµСЂР°СЂР°,Рі
СЃР°С…Р°СЂ Р¶РµРјС‡СѓР¶РЅС‹Р№,Рі
СЃР°С…Р°СЂ РєРѕСЂРёС‡РЅРµРІС‹Р№,Рі
СЃР°С…Р°СЂ РєРѕСЂРёС‡РЅРµРІС‹Р№ РєСЂСѓРїРЅРѕРєСЂРёСЃС‚Р°Р»Р»РёС‡РµСЃРєРёР№,Рі
СЃР°С…Р°СЂ РјСѓСЃРєРѕРІР°РґРѕ,РіРѕСЂСЃС‚СЊ
СЃР°С…Р°СЂРЅР°СЏ РїСѓРґСЂР°,Рі
СЃР°С…Р°СЂРЅР°СЏ РїСѓРґСЂР° Р°РїРµР»СЊСЃРёРЅРѕРІР°СЏ,Рі
СЃР°С…Р°СЂРЅР°СЏ РїСѓРґСЂР° РІР°РЅРёР»СЊРЅР°СЏ,Рі
СЃР°С…Р°СЂРЅС‹Рµ Р¶РµРјС‡СѓР¶РёРЅРєРё,Рі
СЃР°С…Р°СЂРЅС‹Рµ РєРѕРЅРґРёС‚РµСЂСЃРєРёРµ СѓРєСЂР°С€РµРЅРёСЏ,РіРѕСЂСЃС‚СЊ
СЃР°С…Р°СЂРЅС‹Р№ РїРµСЃРѕРє,Рі
СЃР°С…Р°СЂРЅС‹Р№ РїРµСЃРѕРє РєСЂСѓРїРЅС‹Р№,Рі
СЃР°С…Р°СЂРЅС‹Р№ РїРµСЃРѕРє РјРµР»РєРёР№,Рі
СЃР°С…Р°СЂРЅС‹Р№ СЃРёСЂРѕРї,Рі
СЃР°С…Р°СЂ РїР°Р»СЊРјРѕРІС‹Р№,Рі
СЃР°С…Р°СЂ-СЂР°С„РёРЅР°Рґ,Рі
СЃР°С…Р°СЂ-СЂР°С„РёРЅР°Рґ СЃ РєРѕСЂРёС†РµР№,Рі
СЃР°С…Р°СЂ С‚СЂРѕСЃС‚РЅРёРєРѕРІС‹Р№,Рі
СЃРІР°РЅСЃРєР°СЏ СЃРѕР»СЊ,Рі
СЃРІРµРєР»Р°,Рі
СЃРІРµРєР»Р° РІР°СЂРµРЅР°СЏ,Рі
СЃРІРµРєРѕР»СЊРЅР°СЏ Р±РѕС‚РІР°,Рі
СЃРІРµРєРѕР»СЊРЅС‹Рµ Р»РёСЃС‚СЊСЏ,Рі
СЃРІРёРЅР°СЏ РІС‹СЂРµР·РєР°,Рі
СЃРІРёРЅР°СЏ РіРѕР»РѕРІР°,Рі
СЃРІРёРЅР°СЏ РіСЂСѓРґРёРЅРєР°,Рі
СЃРІРёРЅР°СЏ РєРѕСЂРµР№РєР°,Рі
СЃРІРёРЅР°СЏ РєРѕСЂРµР№РєР° РєРѕРїС‡РµРЅР°СЏ,Рі
СЃРІРёРЅР°СЏ РєРѕСЂРµР№РєР° РЅР° РєРѕСЃС‚Рё,Рі
СЃРІРёРЅР°СЏ Р»РѕРїР°С‚РєР° РІР°СЂРµРЅРѕ-РєРѕРїС‡РµРЅР°СЏ,Рі
СЃРІРёРЅР°СЏ РјСЏРєРѕС‚СЊ,Рі
СЃРІРёРЅР°СЏ РїР°С€РёРЅР°,РєРі
СЃРІРёРЅР°СЏ РїРµС‡РµРЅСЊ,Рі
СЃРІРёРЅР°СЏ СЂСѓР»СЊРєР°,РїРѕ РІРєСѓСЃСѓ
СЃРІРёРЅР°СЏ СЂСѓР»СЊРєР° РІР°СЂРµРЅРѕ-РєРѕРїС‡РµРЅР°СЏ,Рі
СЃРІРёРЅР°СЏ СЂСѓР»СЊРєР° РєРѕРїС‡РµРЅР°СЏ,Рі
СЃРІРёРЅР°СЏ С€РµР№РєР°,РєСѓСЃРѕРє
СЃРІРёРЅРёРЅР°,Рі
СЃРІРёРЅРёРЅР° РІР°СЂРµРЅР°СЏ,Рі
СЃРІРёРЅРёРЅР° РЅРµР¶РёСЂРЅР°СЏ,Рі
СЃРІРёРЅРёРЅР° СЃ Р¶РёСЂРєРѕРј,Рі
СЃРІРёРЅРѕРµ СЃРµСЂРґС†Рµ,Рі
СЃРІРёРЅРѕРµ С„РёР»Рµ,Рі
СЃРІРёРЅРѕР№ РїРѕРґС‡РµСЂРµРІРѕРє,Рі
СЃРІРёРЅРѕР№ С„Р°СЂС€,Рі
СЃРІРёРЅРѕР№ СЏР·С‹Рє,Рі
СЃРІРёРЅС‹Рµ РєРѕС‚Р»РµС‚С‹ РЅР° РєРѕСЃС‚РѕС‡РєРµ,С€С‚.
СЃРІРёРЅС‹Рµ Р»РµРіРєРёРµ,Рі
СЃРІРёРЅС‹Рµ РЅРѕР¶РєРё,Рі
СЃРІРёРЅС‹Рµ РѕС‚Р±РёРІРЅС‹Рµ,Рі
СЃРІРёРЅС‹Рµ РѕС‚Р±РёРІРЅС‹Рµ РЅР° РєРѕСЃС‚РѕС‡РєРµ,Рі
СЃРІРёРЅС‹Рµ СЂРµР±СЂР°,Рі
СЃРІРёРЅС‹Рµ СѓС€Рё,С€С‚.
СЃРІРёРЅС‹Рµ С‰РµС‡РєРё,С€С‚.
СЃРІРёС‚Рё,Рі
СЃРµР»СЊРґРµСЂРµР№,Рі
СЃРµР»СЊРґРµСЂРµР№ Р·РµР»РµРЅСЊ,Рі
СЃРµР»СЊРґРµСЂРµР№ РєРѕСЂРµРЅСЊ,Рі
СЃРµР»СЊРґРµСЂРµР№ РєРѕСЂРµРЅСЊ СЃСѓС€РµРЅС‹Р№,РїРѕ РІРєСѓСЃСѓ
СЃРµР»СЊРґРµСЂРµР№РЅР°СЏ СЃРѕР»СЊ,Рі
СЃРµР»СЊРґРµСЂРµР№ СЃРµРјРµРЅР°,С‡. Р».
СЃРµР»СЊРґРµСЂРµР№ СЃС‚РµР±Р»Рё,Рі
СЃРµР»СЊРґСЊ,Рі
СЃРµР»СЊРґСЊ СЃР»Р°Р±РѕСЃРѕР»РµРЅР°СЏ,Рі
СЃРµР»СЊРґСЊ СЃРѕР»РµРЅР°СЏ,С€С‚.
СЃРµР»СЊРґСЊ С„РёР»Рµ,Рі
СЃРµРјРіР°,Рі
СЃРµРјРіР° РєРѕРїС‡РµРЅР°СЏ,Рі
СЃРµРјРіР° СЃРІРµР¶Р°СЏ,Рі
СЃРµРјРіР° СЃРѕР»РµРЅР°СЏ,Рі
СЃРµРјРіР° С„РёР»Рµ РЅР° РєРѕР¶Рµ,Рі
СЃРµРјРµС‡РєРё,Рі
СЃРµРјРµС‡РєРё СЃРјРµСЃСЊ,СЃС‚. Р».
СЃРµРјРѕР»РёРЅР°,Рі
СЃРµСЂРІРµР»Р°С‚ РІР°СЂРµРЅРѕ-РєРѕРїС‡РµРЅС‹Р№,Рі
СЃРёР±Р°СЃ,Рі
СЃРёРґСЂ,Рі
СЃРёСЂРѕРї,Рі
СЃРёСЂРѕРї РѕС‚ РєРѕРЅСЃРµСЂРІРёСЂРѕРІР°РЅРЅС‹С… РіСЂСѓС€,Рі
СЃРёСЂРѕРї РѕС‚ РєРѕРЅСЃРµСЂРІРёСЂРѕРІР°РЅРЅС‹С… РїРµСЂСЃРёРєРѕРІ,СЃС‚. Р».
СЃРёСЂРѕРї С‚РѕРїРёРЅР°РјР±СѓСЂР°,СЃС‚Р°РєР°РЅ
СЃРєСѓРјР±СЂРёСЏ,РїРѕ РІРєСѓСЃСѓ
СЃРєСѓРјР±СЂРёСЏ СЃРІРµР¶Р°СЏ,Рі
СЃРєСѓРјР±СЂРёСЏ С„РёР»Рµ,Рі
СЃРєСѓРјР±СЂРёСЏ С…РѕР»РѕРґРЅРѕРіРѕ РєРѕРїС‡РµРЅРёСЏ,Рі
СЃР»РёРІРєРё,СѓРїР°РєРѕРІРєР°
СЃР»РёРІРєРё 10-20%,Рі
СЃР»РёРІРєРё 15%,Рі
СЃР»РёРІРєРё 20%,Рі
СЃР»РёРІРєРё 33-35%,Рі
СЃР»РёРІРєРё Р¶РёСЂРЅС‹Рµ,Рі
СЃР»РёРІРєРё РєРѕРЅРґРёС‚РµСЂСЃРєРёРµ,Рі
СЃР»РёРІРѕРІР°СЏ РїР°СЃС‚Р°,Рі
СЃР»РёРІРѕРІРѕРµ РІР°СЂРµРЅСЊРµ,Рі
СЃР»РёРІРѕРІРѕРµ РІРёРЅРѕ,Рі
СЃР»РёРІРѕРІС‹Р№ РґР¶РµРј,Рі
СЃР»РёРІРѕРІС‹Р№ Р»РёРєРµСЂ,СЃС‚. Р».
СЃР»РёРІРѕРІС‹Р№ СЃРѕСѓСЃ,Рі
СЃР»РёРІРѕС‡РЅРѕРµ РјР°СЃР»Рѕ,Рі
СЃР»РёРІС‹,РєРі
СЃР»РёРІС‹ Р·Р°РјРѕСЂРѕР¶РµРЅРЅС‹Рµ,Рі
СЃРјР°Р»РµС†,Рі
СЃРјРµСЃСЊ РґР»СЏ РєРµРєСЃР°,С€С‚.
СЃРјРµСЃСЊ РґР»СЏ РѕР»Р°РґРёР№,Рі
СЃРјРµСЃСЊ РґР»СЏ С…Р»РµР±Р° 8 Р·Р»Р°РєРѕРІ,Рі
СЃРјРµС‚Р°РЅР°,Рі
СЃРјРµС‚Р°РЅР° 10%,Рі
СЃРјРµС‚Р°РЅР° 15%,С‡. Р».
СЃРјРµС‚Р°РЅР° 18%,Рі
СЃРјРµС‚Р°РЅР° 20%,Рі
СЃРјРµС‚Р°РЅР° 25%,Рі
СЃРјРµС‚Р°РЅР° 30%,Рі
СЃРјРµС‚Р°РЅР° 35%,Рі
СЃРјРµС‚Р°РЅР° Р¶РёСЂРЅР°СЏ,Рі
СЃРјРµС‚Р°РЅР° РЅРµР¶РёСЂРЅР°СЏ,Рі
СЃРјРµС‚Р°РЅР° РЅРµРєРёСЃР»Р°СЏ,Рі
СЃРјРѕСЂРѕРґРёРЅР° СЃСѓС€РµРЅР°СЏ,Рі
СЃРјРѕСЂРѕРґРёРЅРѕРІС‹Рµ Р»РёСЃС‚СЊСЏ,Рі
СЃРјРѕСЂС‡РєРё СЃСѓС…РёРµ,Рі
СЃРЅРµР¶РѕРє,Р»
СЃРЅС‹С‚СЊ,Рі
СЃРѕРґР°,Рі
СЃРѕРµРІР°СЏ РјСѓРєР°,Рі
СЃРѕРµРІРѕРµ РјР°СЃР»Рѕ,Рі
СЃРѕРµРІРѕРµ РјРѕР»РѕРєРѕ,Рі
СЃРѕРµРІС‹Рµ СЂРѕСЃС‚РєРё,Рі
СЃРѕРµРІС‹Р№ СЃРѕСѓСЃ,Рі
СЃРѕРє,Рі
СЃРѕРє РёР· РєСЂР°СЃРЅС‹С… Р°РїРµР»СЊСЃРёРЅРѕРІ,РјР»
СЃРѕРє РјСѓР»СЊС‚РёРІРёС‚Р°РјРёРЅРЅС‹Р№,РјР»
СЃРѕРє СЋР·Сѓ,РјР»
СЃРѕР»РѕРґ,С‡. Р».
СЃРѕР»РѕРґ Р¶РёРґРєРёР№,Рі
СЃРѕР»РѕРґРѕРІС‹Р№ СЌРєСЃС‚СЂР°РєС‚,Рі
СЃРѕР»РѕРґ С‚РµРјРЅС‹Р№,Рі
СЃРѕР»РѕРјРєР°,Рі
СЃРѕР»СЊ,Рі
СЃРѕР»СЊ РіРёРјР°Р»Р°Р№СЃРєР°СЏ,Рі
СЃРѕР»СЊ РєСЂСѓРїРЅРѕРіРѕ РїРѕРјРѕР»Р°,Рі
СЃРѕР»СЊ РјРѕСЂСЃРєР°СЏ,Рі
СЃРѕРј С„РёР»Рµ,Рі
СЃРѕСЃРёСЃРєРё,Рі
СЃРѕСЃРёСЃРєРё РёР· РєСѓСЂРёРЅРѕРіРѕ С„Р°СЂС€Р°,С€С‚.
СЃРѕСЃРёСЃРєРё РєРѕРїС‡РµРЅС‹Рµ,Рі
СЃРѕСѓСЃ,Рі
СЃРѕСѓСЃ black bean,СЃС‚. Р».
СЃРѕСѓСЃ sambal oelek,С‡. Р».
СЃРѕСѓСЃ Р±Р°СЂР±РµРєСЋ,Рі
СЃРѕСѓСЃ РєСЂР°СЃРЅРѕРґР°СЂСЃРєРёР№,Рі
СЃРѕСѓСЃ РєСЂР°СЃРЅС‹Р№ РѕСЃС‚СЂС‹Р№,Рі
СЃРѕСѓСЃ РјРёСЂРёРЅ,РїРѕ РІРєСѓСЃСѓ
СЃРѕСѓСЃ РЅР°СЂС€Р°СЂР°Р±,Рі
СЃРѕСѓСЃ РѕСЃС‚СЂС‹Р№,Рі
СЃРѕСѓСЃ РїРµСЃС‚Рѕ,РїРѕ РІРєСѓСЃСѓ
СЃРѕСѓСЃ СЃР°С†РµР±РµР»Рё,Рі
СЃРѕСѓСЃ С‚Р°Р±Р°СЃРєРѕ,РєР°РїР»СЏ
СЃРѕСѓСЃ С‚РµСЂРёСЏРєРё,Рі
СЃРѕСѓСЃ С‚РєРµРјР°Р»Рё,СЃС‚Р°РєР°РЅ
СЃРѕСѓСЃ С‚РєРµРјР°Р»Рё Р±Р»Р°РіРѕСЂРѕРґРЅС‹Р№,Рі
СЃРѕСѓСЃ С‚РєРµРјР°Р»Рё СЂР°РЅРЅРёР№,СЃС‚. Р».
СЃРѕСѓСЃ СѓСЃС‚СЂРёС‡РЅС‹Р№,С‡. Р».
СЃРѕСѓСЃ С‡РёР»Рё,Рі
СЃРѕСѓСЃ С‡РёР»Рё СЃР»Р°РґРєРёР№,С‡. Р».
СЃРѕСѓСЃ СЌРєР·РѕС‚РёС‡РµСЃРєРёР№,Рі
СЃРѕСЏ,Рі
СЃРїР°РіРµС‚С‚Рё,Рі
СЃРїР°РіРµС‚С‚Рё в„– 3,Рі
СЃРїР°РіРµС‚С‚Рё в„– 5,Рі
СЃРїР°РіРµС‚С‚Рё Р»СѓРЅРіРё,Рі
СЃРїР°СЂР¶Р°,РєРі
СЃРїР°СЂР¶Р° Р±РµР»Р°СЏ,Рі
СЃРїР°СЂР¶Р° Р·РµР»РµРЅР°СЏ,Рі
СЃРїР°СЂР¶Р° РјРѕР»РѕРґР°СЏ,Рі
СЃРїРµРє,Рі
СЃРїРµР»СЊС‚Р°,СЃС‚Р°РєР°РЅ
СЃРїРµР»СЊС‚РѕРІР°СЏ (РїРѕР»Р±СЏРЅР°СЏ) РјСѓРєР°,Рі
СЃРїРµС†РёРё,Рі
СЃРїРёСЂС‚,Рі
СЃРїРёСЂСѓР»РёРЅР° РїРѕСЂРѕС€РѕРє,Рі
СЃРїСЂРµРґ,Рі
СЃС‚Р°РІСЂРёРґР°,Рі
СЃС‚РµР№Рє СЃРµРјРіРё,С€С‚.
СЃС‚РµР№Рє СЃРµРјРіРё,Рі
СЃС‚РµРєР»СЏРЅРЅР°СЏ Р»Р°РїС€Р°,Рі
СЃС‚СЂР°С‡Р°С‚РµР»Р»Р°,Рі
СЃСѓРґР°Рє,Рі
СЃСѓРґР°Рє С„РёР»Рµ,Рі
СЃСѓРґР°Рє С„РёР»Рµ РЅР° РєРѕР¶Рµ,Рі
СЃСѓР»СѓРіСѓРЅРё,Рі
СЃСѓР»СѓРіСѓРЅРё РєРѕРїС‡РµРЅС‹Р№,Рі
СЃСѓРјР°С…,Рі
СЃСѓРїРѕРІРѕР№ РЅР°Р±РѕСЂ,Рі
СЃСѓС…Р°СЂРё,РїРѕ РІРєСѓСЃСѓ
СЃСѓС…Р°СЂРё Р±РµР»С‹Рµ,Рі
СЃСѓС…Р°СЂРё РјРѕР»РѕС‚С‹Рµ,Рі
СЃСѓС…Р°СЂРё РїР°РЅРёСЂРѕРІРѕС‡РЅС‹Рµ,Рі
СЃСѓС…Р°СЂРё СЂР¶Р°РЅС‹Рµ,Рі
СЃСѓС…Р°СЂРЅР°СЏ РєСЂРѕС€РєР°,Рі
СЃСѓС…РѕС„СЂСѓРєС‚С‹,Рі
СЃСѓС…РѕС„СЂСѓРєС‚С‹ С‚СЂРѕРїРёС‡РµСЃРєРёРµ,РїРѕ РІРєСѓСЃСѓ
СЃСѓС€РєРё,Рі
СЃС‹РІРѕСЂРѕС‚РєР°,Рі
СЃС‹СЂ,Рі
СЃС‹СЂ tete de moine,Рі
СЃС‹СЂ РђРІСЃС‚СЂРёСЏ Р±Р»СЋ,Рі
СЃС‹СЂ Р°РґС‹РіРµР№СЃРєРёР№,Рі
СЃС‹СЂ Р±СЂРё,Рі
СЃС‹СЂ Р±СѓРєРѕ,Рі
СЃС‹СЂ РіР°СѓРґР°,Рі
СЃС‹СЂ РіРѕР№СЏ,Рі
СЃС‹СЂ РіРѕР»Р»Р°РЅРґСЃРєРёР№,Рі
СЃС‹СЂ РіРѕР»СѓР±РѕР№,Рі
СЃС‹СЂ РіСЂР°РІСЊРµСЂР°,Рі
СЃС‹СЂ РґР¶СѓРіР°СЃ,Рі
СЃС‹СЂ РґРѕРјР°С€РЅРёР№,Рі
СЃС‹СЂ РґРѕСЂР±Р»СЋ,Рі
СЃС‹СЂ РёРјРµСЂРµС‚РёРЅСЃРєРёР№,Рі
СЃС‹СЂ РєРµС„Р°Р»РѕС‚РёСЂРё,Рі
СЃС‹СЂРєРё С‚РІРѕСЂРѕР¶РЅС‹Рµ,Рі
СЃС‹СЂ РєРѕР·РёР№ РјСЏРіРєРёР№,Рі
СЃС‹СЂ РєРѕР·РёР№ С‚РІРµСЂРґС‹Р№,Рі
СЃС‹СЂ РєРѕР»Р±Р°СЃРЅС‹Р№,Рі
СЃС‹СЂ РєРѕРїС‡РµРЅС‹Р№,Рі
СЃС‹СЂ РєРѕС‚С‚РµРґР¶,Рі
СЃС‹СЂ РњР°СЃРєР°СЂРїРѕРЅРµ,Рі
СЃС‹СЂ РјСЂР°РјРѕСЂРЅС‹Р№,Рі
СЃС‹СЂ РјСЏРіРєРёР№,РїРѕ РІРєСѓСЃСѓ
СЃС‹СЂ РѕРІРµС‡РёР№,Рі
СЃС‹СЂ РїР°РЅРёСЂ,Рі
СЃС‹СЂ РїРµС€Рµ РјРёРЅСЊРѕРЅ,Рі
СЃС‹СЂ РїР»Р°РІР»РµРЅС‹Р№,Рі
СЃС‹СЂ РїР»Р°РІР»РµРЅС‹Р№ С€РѕРєРѕР»Р°РґРЅС‹Р№,Рі
СЃС‹СЂ РїР»Р°СЃС‚РёРЅРєР°РјРё,Рі
СЃС‹СЂ РїРѕР»СѓС‚РІРµСЂРґС‹Р№,Рі
СЃС‹СЂ РїСЂРѕРІРѕР»Р°,Рі
СЃС‹СЂ СЂРѕСЃСЃРёР№СЃРєРёР№,Рі
СЃС‹СЂ СЃРєР°РјРѕСЂС†Р°,Рі
СЃС‹СЂ СЃРєР°РјРѕСЂС†Р° РєРѕРїС‡РµРЅС‹Р№,Рі
СЃС‹СЂ СЃР»РёРІРѕС‡РЅС‹Р№,Рі
СЃС‹СЂ СЃ РїР»РµСЃРµРЅСЊСЋ,Рі
СЃС‹СЂ СЃ РїР»РµСЃРµРЅСЊСЋ РјСЏРіРєРёР№,Рі
СЃС‹СЂ С‚РІРµСЂРґС‹Р№,Рі
СЃС‹СЂ С„РёР»Р°РґРµР»СЊС„РёСЏ,Рі
СЃС‹СЂ С„РѕРЅС‚РёРЅР°,Рі
СЃС‹СЂ С…Р°РІР°СЂС‚Рё,Рі
СЃС‹СЂ С€РІРµР№С†Р°СЂСЃРєРёР№,Рі
СЃС‹С‡СѓР¶РЅС‹Р№ С„РµСЂРјРµРЅС‚,С‡. Р».
С‚Р°Р»РµРґР¶Рѕ,Рі
С‚Р°Р»СЊРѕР»РёРЅРё,Рі
С‚Р°Р»СЊСЏС‚РµР»Р»Рµ,Рі
С‚Р°Р»СЊСЏС‚РµР»Р»Рµ-РіРЅРµР·РґР°,С€С‚.
С‚Р°РјР°СЂРёРЅРґ,С€С‚.
С‚Р°РјР°СЂРёРЅРґРѕРІР°СЏ РїР°СЃС‚Р°,С‡. Р».
С‚Р°РїРёРѕРєР°,Рі
С‚Р°СЂС‚Р°Р»РµС‚РєРё,РїРѕ РІРєСѓСЃСѓ
С‚Р°СЂС‚Р°СЂ,СЃС‚. Р».
С‚Р°СЂС…СѓРЅ,Рі
С‚РІРѕСЂРѕРі,Рі
С‚РІРѕСЂРѕРі 18%,Рі
С‚РІРѕСЂРѕРі 2%,Рі
С‚РІРѕСЂРѕРі 5%,Рі
С‚РІРѕСЂРѕРі 9%,Рі
С‚РІРѕСЂРѕРі Р¶РёСЂРЅС‹Р№,Рі
С‚РІРѕСЂРѕРі Р·РµСЂРЅРµРЅС‹Р№,Рі
С‚РІРѕСЂРѕРі РѕР±РµР·Р¶РёСЂРµРЅРЅС‹Р№,Рі
С‚РІРѕСЂРѕР¶РЅР°СЏ РјР°СЃСЃР°,Рі
С‚РІРѕСЂРѕР¶РЅР°СЏ РїР°СЃС‚Р°,Рі
С‚РІРѕСЂРѕР¶РЅС‹Р№ СЃС‹СЂ,Рі
С‚РІРѕСЂРѕР¶РЅС‹Р№ СЃС‹СЂ СЃРѕР»РµРЅС‹Р№,Рі
С‚РІРѕСЂРѕР¶РѕРє РєР»СѓР±РЅРёС‡РЅС‹Р№,Рі
С‚РµРєРёР»Р°,СЃС‚Р°РєР°РЅ
С‚РµР»СЏС‚РёРЅР°,РїРѕ РІРєСѓСЃСѓ
С‚РµР»СЏС‚РёРЅР° РІР°СЂРµРЅР°СЏ,Рі
С‚РµР»СЏС‡РёР№ С„Р°СЂС€,Рі
С‚РµР»СЏС‡СЊРё РѕС‚Р±РёРІРЅС‹Рµ РЅР° РєРѕСЃС‚РѕС‡РєРµ,С€С‚.
С‚РµР»СЏС‡СЊРё С€РЅРёС†РµР»Рё,С€С‚.
С‚РµР»СЏС‡СЊРё СЌСЃРєР°Р»РѕРїС‹,Рі
С‚РµР»СЏС‡СЊСЏ РІС‹СЂРµР·РєР°,Рі
С‚РµР»СЏС‡СЊСЏ РїРµС‡РµРЅСЊ,Рі
С‚РµР»СЏС‡СЊСЏ С‰РµРєР°,С€С‚.
С‚РµСЃС‚Рѕ Р±РµР·РґСЂРѕР¶Р¶РµРІРѕРµ,Рі
С‚РµСЃС‚Рѕ РіРѕС‚РѕРІРѕРµ,Рі
С‚РµСЃС‚Рѕ РґР»СЏ РІРѕРЅС‚РѕРЅРѕРІ,Рі
С‚РµСЃС‚Рѕ РґР»СЏ РїРёС†С†С‹,С€С‚.
С‚РµСЃС‚Рѕ РґСЂРѕР¶Р¶РµРІРѕРµ,РїРѕ РІРєСѓСЃСѓ
С‚РµСЃС‚Рѕ РєР°С‚Р°РёС„Рё,Рі
С‚РµСЃС‚Рѕ РјР°РєР°СЂРѕРЅРЅРѕРµ,Рі
С‚РµСЃС‚Рѕ РјР°РєР°СЂРѕРЅРЅРѕРµ РґР»СЏ Р»Р°Р·Р°РЅСЊРё,Рі
С‚РµСЃС‚Рѕ РїРµР»СЊРјРµРЅРЅРѕРµ,Рі
С‚РµСЃС‚Рѕ РїРµСЃРѕС‡РЅРѕРµ,РїРѕ РІРєСѓСЃСѓ
С‚РµСЃС‚Рѕ РїСЂРµСЃРЅРѕРµ,Рі
С‚РµСЃС‚Рѕ РїСЂСЏРЅРёС‡РЅРѕРµ,Рі
С‚РµСЃС‚Рѕ СЃР»РѕРµРЅРѕРµ,Рі
С‚РµСЃС‚Рѕ СЃР»РѕРµРЅРѕРµ Р±РµР·РґСЂРѕР¶Р¶РµРІРѕРµ,РїРѕ РІРєСѓСЃСѓ
С‚РµСЃС‚Рѕ СЃР»РѕРµРЅРѕРµ РґСЂРѕР¶Р¶РµРІРѕРµ,РєРі
С‚РµСЃС‚Рѕ С„РёР»Рѕ,Рі
С‚РёР»Р°РїРёСЏ,Рі
С‚РёР»Р°РїРёСЏ С„РёР»Рµ,Рі
С‚РёР»СЊР·РёС‚РµСЂ,Рі
С‚РёРјСЊСЏРЅ,РіРѕСЂСЃС‚СЊ
С‚РёРјСЊСЏРЅ Р»РёРјРѕРЅРЅС‹Р№,РІРµС‚РѕС‡РєР°
С‚РёРјСЊСЏРЅ СЃРІРµР¶РёР№,РїРѕ РІРєСѓСЃСѓ
С‚РёРјСЊСЏРЅ СЃСѓС€РµРЅС‹Р№,Рі
С‚РєРµРјР°Р»Рё,Рі
С‚РјРёРЅ,Рі
С‚РјРёРЅ РјРѕР»РѕС‚С‹Р№,Рі
С‚РѕРјР°С‚РЅР°СЏ РїР°СЃС‚Р°,Рі
С‚РѕРјР°С‚РЅРѕРµ РїСЋСЂРµ,Рі
С‚РѕРјР°С‚РЅС‹Р№ РєРѕРЅС†РµРЅС‚СЂР°С‚,Рі
С‚РѕРјР°С‚РЅС‹Р№ РїРѕСЂРѕС€РѕРє,Рі
С‚РѕРјР°С‚РЅС‹Р№ СЃРѕРє,Рі
С‚РѕРјР°С‚РЅС‹Р№ СЃРѕСѓСЃ,Рі
С‚РѕРјР°С‚РЅС‹Р№ СЃРѕСѓСЃ РёС‚Р°Р»СЊСЏРЅСЃРєРёР№,Рі
С‚РѕРјР°С‚РЅС‹Р№ СЃРѕСѓСЃ РѕСЃС‚СЂС‹Р№,Рі
С‚РѕРјР°С‚РЅС‹Р№ СЃРѕСѓСЃ СЃ Р±Р°Р·РёР»РёРєРѕРј,Рі
С‚РѕРЅРёРє,Р±СѓС‚С‹Р»РєР°
С‚РѕРїРёРЅР°РјР±СѓСЂ,Рі
С‚РѕРїР»РµРЅРѕРµ РјР°СЃР»Рѕ,Рі
С‚РѕСЂС‚РёР»СЊРё,РїРѕ РІРєСѓСЃСѓ
С‚РѕСЂС‚РёР»СЊРѕРЅРё,Рі
С‚РѕС„Сѓ,Рі
С‚СЂР°РІС‹ Р°СЂРѕРјР°С‚РЅС‹Рµ,Рі
С‚СЂР°РІС‹ РїСЂСЏРЅС‹Рµ СЃ РїРµСЂС†РµРј,С‡. Р».
С‚СЂР°РІС‹ СЃСѓС…РёРµ,Рі
С‚СЂРµСЃРєР°,Рі
С‚СЂРµСЃРєР° РїРµС‡РµРЅСЊ,Рі
С‚СЂРµСЃРєР° С„РёР»Рµ,Рі
С‚СЂСЋС„РµР»СЊ,Рі
С‚СЂСЋС„РµР»СЊРЅР°СЏ РєСЂРѕС€РєР°,Рі
С‚СЂСЋС„РµР»СЊРЅРѕРµ РјР°СЃР»Рѕ,СЃС‚. Р».
С‚СЂСЋС„РµР»СЊ С‡РµСЂРЅС‹Р№,С€С‚.
С‚СѓРЅРµС†,РїРѕ РІРєСѓСЃСѓ
С‚СѓРЅРµС† РєРѕРЅСЃРµСЂРІРёСЂРѕРІР°РЅРЅС‹Р№,Рі
С‚СѓРЅРµС† С„РёР»Рµ,Рі
С‚СѓС€РµРЅРєР°,Рі
С‚С‹РєРІР°,Рі
С‚С‹РєРІРµРЅРЅРѕРµ РјР°СЃР»Рѕ,С€С‚.
С‚С‹РєРІРµРЅРЅРѕРµ РїСЋСЂРµ,Рі
С‚С‹РєРІРµРЅРЅС‹Рµ СЃРµРјРµС‡РєРё,Рі
С‚СЋР»СЊРєР° СЃРІРµР¶Р°СЏ,Рі
СѓРіРѕСЂСЊ,Рі
СѓРіРѕСЂСЊ РєРѕРїС‡РµРЅС‹Р№,Рі
СѓРіСѓСЂС‚,Рі
СѓРєСЂРѕРї,Рі
СѓРєСЂРѕРїРЅРѕРµ СЃРµРјСЏ,С‡. Р».
СѓРєСЂРѕРї СЃРІРµР¶РёР№,Рі
СѓРєСЂРѕРї СЃСѓС€РµРЅС‹Р№,Рі
СѓРєСЃСѓСЃ,Рі
СѓРєСЃСѓСЃ 9%,Рі
СѓРєСЃСѓСЃ РёР· СЃРёРґСЂР°,СЃС‚. Р».
СѓРєСЃСѓСЃРЅР°СЏ СЌСЃСЃРµРЅС†РёСЏ,Рі
СѓРєСЃСѓСЃ СЃС‚РѕР»РѕРІС‹Р№,Рі
СѓР»РёС‚РєРё,Рі
СѓР»РёС‚РєРё РІРёРЅРѕРіСЂР°РґРЅС‹Рµ,С€С‚.
СѓСЂСЋРє,Рі
СѓСЃС‚СЂРёС†С‹,Рі
СѓС‚РёРЅР°СЏ РіСЂСѓРґРєР°,Рі
СѓС‚РёРЅР°СЏ РїРµС‡РµРЅСЊ,Рі
СѓС‚РёРЅРѕРµ С„РёР»Рµ,Рі
СѓС‚РёРЅС‹Рµ Р±РµРґСЂС‹С€РєРё,Рі
СѓС‚РёРЅС‹Рµ РЅРѕР¶РєРё,РїРѕ РІРєСѓСЃСѓ
СѓС‚РєР°,РїРѕ РІРєСѓСЃСѓ
СѓС‚РєР° РїРµС‡РµРЅР°СЏ,Рі
СѓС‚РєР° С‚СѓС€РєР°,С‚СѓС€РєР°
СѓС†С…Рѕ-СЃСѓРЅРµР»Рё,Рі
С„Р°Р·Р°РЅ,Рі
С„Р°СЂС€ (Р±Р°СЂР°РЅРёРЅР° Рё РіРѕРІСЏРґРёРЅР°),Рі
С„Р°СЂС€ (СЃРІРёРЅРёРЅР° Рё РєСѓСЂРёС†Р°),Рі
С„Р°СЃРѕР»СЊ,Рі
С„Р°СЃРѕР»СЊ Р±РµР»Р°СЏ,Рі
С„Р°СЃРѕР»СЊ Р±РµР»Р°СЏ РєРѕРЅСЃРµСЂРІРёСЂРѕРІР°РЅРЅР°СЏ,Рі
С„Р°СЃРѕР»СЊ Р±РµР»Р°СЏ Р»РёРјР°,Рі
С„Р°СЃРѕР»СЊ Р·РµР»РµРЅР°СЏ СЃС‚СЂСѓС‡РєРѕРІР°СЏ,Рі
С„Р°СЃРѕР»СЊ РєРµРЅРёР№СЃРєР°СЏ,РіРѕСЂСЃС‚СЊ
С„Р°СЃРѕР»СЊ РєРёРґРЅРё РєСЂР°СЃРЅР°СЏ,Рі
С„Р°СЃРѕР»СЊ РєРѕРЅСЃРµСЂРІРёСЂРѕРІР°РЅРЅР°СЏ,Рі
С„Р°СЃРѕР»СЊ РєСЂР°СЃРЅР°СЏ,Рі
С„Р°СЃРѕР»СЊ РєСЂР°СЃРЅР°СЏ РІР°СЂРµРЅР°СЏ,СЃС‚Р°РєР°РЅ
С„Р°СЃРѕР»СЊ РєСЂР°СЃРЅР°СЏ РєРѕРЅСЃРµСЂРІРёСЂРѕРІР°РЅРЅР°СЏ,Рі
С„Р°СЃРѕР»СЊ РјРѕР»РѕРґР°СЏ Р·Р°РјРѕСЂРѕР¶РµРЅРЅР°СЏ,Рі
С„Р°СЃРѕР»СЊ РїРёРЅС‚Рѕ,Рі
С„Р°СЃРѕР»СЊ СЃРїР°СЂР¶РµРІР°СЏ РІР°СЂРµРЅР°СЏ,Рі
С„Р°СЃРѕР»СЊ СЃС‚СЂСѓС‡РєРѕРІР°СЏ,Рі
С„Р°СЃРѕР»СЊ СЃС‚СЂСѓС‡РєРѕРІР°СЏ Р·Р°РјРѕСЂРѕР¶РµРЅРЅР°СЏ,Рі
С„Р°СЃРѕР»СЊ СЃС‚СЂСѓС‡РєРѕРІР°СЏ РєРѕРЅСЃРµСЂРІРёСЂРѕРІР°РЅРЅР°СЏ,Рі
С„Р°СЃРѕР»СЊ С‡РµСЂРЅС‹Р№ РіР»Р°Р·,Рі
С„РµР№С…РѕР°,Рі
С„РµРЅС…РµР»СЊ,Рі
С„РµРЅС…РµР»СЊ СЃРµРјРµРЅР°,Рі
С„РµРЅС…РµР»СЊ СЃРµРјРµРЅР° РјРѕР»РѕС‚С‹Рµ,Рі
С„РµСЃС‚РѕРЅР°С‚Рµ,Рі
С„РµС‚Р°,Рі
С„РµС‚Р°РєРё,Рі
С„РµС‚Р°РєСЃР°,Рі
С„РµС‚С‚СѓС‡РёРЅРµ,Рі
С„РёР°Р»РєРё Р·Р°СЃР°С…Р°СЂРµРЅРЅС‹Рµ,С€С‚.
С„РёР°Р»РєРѕРІС‹Р№ СЃРёСЂРѕРї,Рі
С„РёР·Р°Р»РёСЃ,РїРѕ РІРєСѓСЃСѓ
С„РёР»Рµ РєСЂР°СЃРЅРѕРіРѕ РѕРєСѓРЅСЏ,С€С‚.
С„РёР»Рµ Р»РѕСЃРѕСЃСЏ,Рі
С„РёР»Рµ РїР°Р»С‚СѓСЃР°,С€С‚.
С„РёРЅРёРєРё,Рі
С„РёРЅРёРєРё Р±РµР· РєРѕСЃС‚РѕС‡РµРє,СЃС‚Р°РєР°РЅ
С„РёРЅРёРєРё РёСЂР°РЅСЃРєРёРµ,Рі
С„РёРЅРёРєРё РёСЂР°РЅСЃРєРёРµ Р±РµР· РєРѕСЃС‚РѕС‡РµРє,С€С‚.
С„РёСЃС‚Р°С€РєРё,Рі
С„РёСЃС‚Р°С€РєРё РѕС‡РёС‰РµРЅРЅС‹Рµ,Рі
С„РёСЃС‚Р°С€РєРё РѕС‡РёС‰РµРЅРЅС‹Рµ РЅРµСЃРѕР»РµРЅС‹Рµ,РіРѕСЂСЃС‚СЊ
С„РёСЃС‚Р°С€РєРё СЂСѓР±Р»РµРЅС‹Рµ,Рі
С„РёСЃС‚Р°С€РєРѕРІР°СЏ РјСѓРєР°,Рі
С„РёСЃС‚Р°С€РєРѕРІР°СЏ РїР°СЃС‚Р°,Рі
С„РёСЃС‚Р°С€РєРѕРІРѕРµ РјР°СЃР»Рѕ,Рі
С„РѕРєР°С‡С‡Р°,РїРѕ РІРєСѓСЃСѓ
С„РѕСЂРµР»СЊ,Рі
С„РѕСЂРµР»СЊ РІР°СЂРµРЅР°СЏ,Рі
С„РѕСЂРµР»СЊ РіРѕСЂСЏС‡РµРіРѕ РєРѕРїС‡РµРЅРёСЏ,Рі
С„РѕСЂРµР»СЊ РѕР·РµСЂРЅР°СЏ СЃРІРµР¶Р°СЏ,С€С‚.
С„РѕСЂРµР»СЊ СЃР»Р°Р±РѕСЃРѕР»РµРЅР°СЏ,Рі
С„РѕСЂРµР»СЊ СЃС‚РµР№РєРё,С€С‚.
С„РѕСЂРµР»СЊ С„РёР»Рµ,Рі
С„РѕСЂРµР»СЊ С…РѕР»РѕРґРЅРѕРіРѕ РєРѕРїС‡РµРЅРёСЏ,Рі
С„СЂРёРєР°РґРµР»СЊРєРё,Рі
С„СЂСѓРєС‚ РґСЂР°РєРѕРЅР°,С€С‚.
С„СЂСѓРєС‚РѕРІС‹Р№ СЃРёСЂРѕРї,Рі
С„СЂСѓРєС‚РѕРІС‹Р№ СЃРѕРє,Рі
С„СЂСѓРєС‚РѕРІС‹Р№ СЃРѕРє Р±РµР· СЃР°С…Р°СЂР°,СЃС‚Р°РєР°РЅ
С„СЂСѓРєС‚РѕР·Р°,Рі
С„СЂСѓРєС‚С‹,Рі
С„СЂСѓРєС‚С‹ РєРѕРЅСЃРµСЂРІРёСЂРѕРІР°РЅРЅС‹Рµ,Рі
С„СѓРЅРґСѓРє,Рі
С„СѓРЅРґСѓС‡РЅР°СЏ РјСѓРєР°,Рі
С„СѓРЅС‡РѕР·Р°,Рі
С…Р°Р»РІР°,Рі
С…Р°Р»РІР° РІР°РЅРёР»СЊРЅР°СЏ,Рі
С…Р°Р»РІР° РїРѕРґСЃРѕР»РЅРµС‡РЅР°СЏ,Рі
С…Р°Р»СѓРјРё,Рі
С…Р°РјРѕРЅ,Рі
С…РµРє,Рі
С…РµРє С„РёР»Рµ,Рі
С…РµСЂРµСЃ,СЃС‚Р°РєР°РЅ
С…РµСЂРµСЃРЅС‹Р№ СѓРєСЃСѓСЃ,С‡. Р».
С…Р»РµР±,Рі
С…Р»РµР± 7 Р·Р»Р°РєРѕРІ,Р±Р°С‚РѕРЅ
С…Р»РµР± Р±РµР»С‹Р№,Рі
С…Р»РµР± Р±РµР»С‹Р№ СЃСѓС…РѕР№,Рі
С…Р»РµР± Р±РѕСЂРѕРґРёРЅСЃРєРёР№,РєСѓСЃРѕРє
С…Р»РµР± РґР°С‚СЃРєРёР№ СЂР¶Р°РЅРѕР№,Рі
С…Р»РµР± РґР»СЏ СЃСЌРЅРґРІРёС‡РµР№,Рі
С…Р»РµР±РЅР°СЏ РєСЂРѕС€РєР°,Рі
С…Р»РµР± СЂР¶Р°РЅРѕР№,Рі
С…Р»РµР± СЃРµСЂС‹Р№,Рі
С…Р»РµР± СЃ РєСѓРЅР¶СѓС‚РѕРј,РєСѓСЃРѕРє
С…Р»РµР± С†РµР»СЊРЅРѕР·РµСЂРЅРѕРІРѕР№,Рі
С…Р»РµР±С†С‹ РїС€РµРЅРёС‡РЅРѕ-СЂР¶Р°РЅС‹Рµ С†РµР»СЊРЅРѕР·РµСЂРЅРѕРІС‹Рµ,Рі
С…Р»РѕРїСЊСЏ 4 Р·Р»Р°РєР°,Рі
С…Р»РѕРїСЊСЏ 5 Р·Р»Р°РєРѕРІ,Рі
С…Р»РѕРїСЊСЏ 7 Р·Р»Р°РєРѕРІ,СЃС‚. Р».
С…Р»РѕРїСЊСЏ Р±С‹СЃС‚СЂРѕРіРѕ РїСЂРёРіРѕС‚РѕРІР»РµРЅРёСЏ,СЃС‚Р°РєР°РЅ
С…Р»РѕСЂРёРґ РєР°Р»СЊС†РёСЏ,Рі
С…РјРµР»Рё-СЃСѓРЅРµР»Рё,Рі
С…РјРµР»СЊ,СЃС‚. Р».
С…СЂРµРЅ,Рі
С…СЂРµРЅ РїСЂРѕС‚РµСЂС‚С‹Р№,Рі
С…СЂРµРЅ СЃРѕ СЃР»РёРІРєР°РјРё,Рі
С…СѓСЂРјР°,Рі
С…СѓСЂРјР° СЃРїРµР»Р°СЏ,Рі
С†РµСЃР°СЂРєР° С‚СѓС€РєР°,Рі
С†РёРєРѕСЂРёР№,С‡. Р».
С†РёС‚СЂРѕРЅРѕРІС‹Рµ С†СѓРєР°С‚С‹,РіРѕСЂСЃС‚СЊ
С†РёС‚СЂСѓСЃРѕРІС‹Рµ С†СѓРєР°С‚С‹,С€С‚.
С†РёС‚СЂСѓСЃРѕРІС‹Р№ СЃРІРµР¶РµРІС‹Р¶Р°С‚С‹Р№ СЃРѕРє,РјР»
С†СѓРєР°С‚С‹,Рі
С†СѓРєРёРЅРё,Рі
С†СѓРєРёРЅРё С†РІРµС‚С‹,С€С‚.
С†С‹РїР»СЏС‚Р°,Рі
С†С‹РїР»СЏС‚Р°-РєРѕСЂРЅРёС€РѕРЅС‹,С€С‚.
С‡Р°Р±РµСЂ,Рі
С‡Р°Р±СЂРµС†,Рі
С‡Р°Р±СЂРµС† СЃСѓС€РµРЅС‹Р№,Рі
С‡Р°Р№ РґР°СЂРґР¶РёР»РёРЅРі,РїР°РєРµС‚РёРє
С‡Р°Р№ Р¶Р°СЃРјРёРЅРѕРІС‹Р№,СЃС‚. Р».
С‡Р°Р№ Р·РµР»РµРЅС‹Р№,РїР°РєРµС‚РёРє
С‡Р°Р№ РєРѕРїС‡РµРЅС‹Р№ Р»Р°РїСЃР°РЅРі СЃСѓС€РѕРЅРі,Рі
С‡Р°Р№ РєСЂР°СЃРЅС‹Р№,Рі
С‡Р°Р№ СЂРѕР№Р±СѓС€,СЃС‚. Р».
С‡Р°Р№ С‡РµСЂРЅС‹Р№,Рі
С‡Р°Р№ С‡РµСЂРЅС‹Р№ РєСЂСѓРїРЅРѕР»РёСЃС‚РѕРІРѕР№,С‡. Р».
С‡Р°Р№ С‡РµСЂРЅС‹Р№ СЃРѕ СЃРїРµС†РёСЏРјРё,РїР°РєРµС‚
С‡Р°Р№ СЌСЂР» РіСЂРµР№,СЃС‚Р°РєР°РЅ
С‡Р°С‚РЅРё РјР°РЅРіРѕ,Рі
С‡РµРґРґРµСЂ,Рі
С‡РµСЂРµРјСѓС…Р°,Рі
С‡РµСЂРµРјСѓС…РѕРІР°СЏ РјСѓРєР°,Рі
С‡РµСЂРµРјС€Р°,Рі
С‡РµСЂРµС€РЅРµРІС‹Р№ РґР¶РµРј,Рі
С‡РµСЂРµС€РЅСЏ,Рі
С‡РµСЂРµС€РЅСЏ РєРѕРЅСЃРµСЂРІРёСЂРѕРІР°РЅРЅР°СЏ Р±РµР· РєРѕСЃС‚РѕС‡РµРє,СЃС‚. Р».
С‡РµСЂРЅР°СЏ СЃРјРѕСЂРѕРґРёРЅР°,Рі
С‡РµСЂРЅРёРєР°,Рі
С‡РµСЂРЅРёРєР° Р·Р°РјРѕСЂРѕР¶РµРЅРЅР°СЏ,Рі
С‡РµСЂРЅРёР»Р° РєР°СЂР°РєР°С‚РёС†С‹,Рі
С‡РµСЂРЅРёС‡РЅС‹Р№ РґР¶РµРј,СЃС‚Р°РєР°РЅ
С‡РµСЂРЅРѕСЃР»РёРІ,Рі
С‡РµСЂРЅРѕСЃР»РёРІ Р±РµР· РєРѕСЃС‚РѕС‡РµРє,Рі
С‡РµСЂРЅРѕСЃР»РёРІ РІСЏР»РµРЅС‹Р№,Рі
С‡РµСЂРЅРѕСЃР»РёРІ РєРѕРїС‡РµРЅС‹Р№ Р±РµР· РєРѕСЃС‚РѕС‡РµРє,Рі
С‡РµСЂРЅРѕСЃРјРѕСЂРѕРґРёРЅРѕРІРѕРµ РІР°СЂРµРЅСЊРµ,Рі
С‡РµСЂРЅРѕСЃРјРѕСЂРѕРґРёРЅРѕРІС‹Р№ РґР¶РµРј,Рі
С‡РµСЃРЅРѕРє,Рі
С‡РµСЃРЅРѕРє РјРѕР»РѕРґРѕР№,Рі
С‡РµСЃРЅРѕРє СЃСѓС€РµРЅС‹Р№,Рі
С‡РµСЃРЅРѕС‡РЅР°СЏ СЃРѕР»СЊ,С‰РµРїРѕС‚РєР°
С‡РµСЃРЅРѕС‡РЅРѕРµ РјР°СЃР»Рѕ,РїРѕ РІРєСѓСЃСѓ
С‡РµСЃРЅРѕС‡РЅС‹Р№ РїРѕСЂРѕС€РѕРє,Рі
С‡РµС‡РµРІРёС†Р°,Рі
С‡РµС‡РµРІРёС†Р° РІР°СЂРµРЅР°СЏ,СЃС‚. Р».
С‡РµС‡РµРІРёС†Р° Р·РµР»РµРЅР°СЏ,Рі
С‡РµС‡РµРІРёС†Р° РєСЂР°СЃРЅР°СЏ,Рі
С‡РµС‡РёР» СЃРїР°РіРµС‚С‚Рё,Рі
С‡РёР°Р±Р°С‚С‚Р°,РєСѓСЃРѕРє
С‡РёР° СЃРµРјРµРЅР°,Рі
С‡РёРїРѕС‚Р»Рµ РјРѕР»РѕС‚С‹Р№,С‰РµРїРѕС‚РєР°
С‡РёРїСЃС‹,Рі
С‡РѕСЂРёР·Рѕ,Рі
С€Р°Р»С„РµР№,Рі
С€Р°Р»С„РµР№ СЃРІРµР¶РёР№,РїСѓС‡РѕРє
С€Р°Р»С„РµР№ СЃСѓС€РµРЅС‹Р№,Р»РёСЃС‚
С€Р°РјРїР°РЅСЃРєРѕРµ,Рі
С€Р°РјРїР°РЅСЃРєРѕРµ СЃРѕРІРµС‚СЃРєРѕРµ,СЃС‚Р°РєР°РЅ
С€Р°РјРїР°РЅСЃРєРѕРµ СЃСѓС…РѕРµ,СЃС‚. Р».
С€Р°РјРїРёРЅСЊРѕРЅС‹,РїРѕ РІРєСѓСЃСѓ
С€Р°РјРїРёРЅСЊРѕРЅС‹ Р·Р°РјРѕСЂРѕР¶РµРЅРЅС‹Рµ,Рі
С€Р°РјРїРёРЅСЊРѕРЅС‹ РєРѕРЅСЃРµСЂРІРёСЂРѕРІР°РЅРЅС‹Рµ,Рі
С€Р°РјРїРёРЅСЊРѕРЅС‹ РјР°СЂРёРЅРѕРІР°РЅРЅС‹Рµ,Рі
С€Р°РјРїРёРЅСЊРѕРЅС‹ СЃРІРµР¶РёРµ,Рі
С€Р°С„СЂР°РЅ,Рі
С€Р°С„СЂР°РЅ РёРјРµСЂРµС‚РёРЅСЃРєРёР№,Рі
С€Р°С„СЂР°РЅ РјРѕР»РѕС‚С‹Р№,С‡. Р».
С€Р°С„СЂР°РЅ РЅРёС‚Рё,С€С‚.
С€РµР»РєРѕРІРёС†Р°,Рі
С€РµР»РєРѕРІРёС†Р° СЃСѓС€РµРЅР°СЏ,Рі
С€РёРїРѕРІРЅРёРє,Рі
С€РёРїРѕРІРЅРёРєРѕРІС‹Р№ СЃРёСЂРѕРї,Рі
С€РЅР°РїСЃ,Рі
С€РЅРёС‚С‚-Р»СѓРє,СЃС‚РµР±РµР»СЊ
С€РѕРєРѕР»Р°Рґ,Рі
С€РѕРєРѕР»Р°Рґ Р±РµР»С‹Р№,Рі
С€РѕРєРѕР»Р°Рґ РіРѕСЂСЊРєРёР№ СЃ Р°РїРµР»СЊСЃРёРЅРѕРІРѕР№ С†РµРґСЂРѕР№,Рі
С€РѕРєРѕР»Р°Рґ РјРѕР»РѕС‡РЅС‹Р№,Рі
С€РѕРєРѕР»Р°Рґ РјСЏС‚РЅС‹Р№,Рі
С€РѕРєРѕР»Р°РґРЅР°СЏ РїР°СЃС‚Р°,Рі
С€РѕРєРѕР»Р°РґРЅР°СЏ СЃС‚СЂСѓР¶РєР°,Рі
С€РѕРєРѕР»Р°РґРЅРѕРµ РјР°СЃР»Рѕ,Рі
С€РѕРєРѕР»Р°РґРЅРѕ-РѕСЂРµС…РѕРІР°СЏ РїР°СЃС‚Р°,Рі
С€РѕРєРѕР»Р°РґРЅС‹Рµ РіРѕСЂРѕС€РёРЅС‹,Рі
С€РѕРєРѕР»Р°РґРЅС‹Рµ РєР°РїР»Рё,Рі
С€РѕРєРѕР»Р°РґРЅС‹Рµ РєР°РїР»Рё Р±РµР»С‹Рµ,Рі
С€РѕРєРѕР»Р°РґРЅС‹Рµ РєРѕРЅС„РµС‚С‹,Рі
С€РѕРєРѕР»Р°РґРЅС‹Рµ С…Р»РѕРїСЊСЏ,Рі
С€РѕРєРѕР»Р°РґРЅС‹Рµ С€Р°СЂРёРєРё РёР· РіРѕС‚РѕРІС‹С… Р·Р°РІС‚СЂР°РєРѕРІ,РіРѕСЂСЃС‚СЊ
С€РѕРєРѕР»Р°РґРЅС‹Р№ Р»РёРєРµСЂ,Рі
С€РѕРєРѕР»Р°РґРЅС‹Р№ СЃРёСЂРѕРї,Рі
С€РѕРєРѕР»Р°РґРЅС‹Р№ СЃРѕСѓСЃ,Рі
С€РѕРєРѕР»Р°Рґ РїРѕР»СѓСЃР»Р°РґРєРёР№,Рі
С€РѕРєРѕР»Р°Рґ СЃ РѕСЂРµС…Р°РјРё,Рі
С€РѕРєРѕР»Р°Рґ С‡РµСЂРЅС‹Р№ РіРѕСЂСЊРєРёР№,Рі
С€РѕРєРѕР»Р°Рґ С‡РµСЂРЅС‹Р№ РіРѕСЂСЊРєРёР№ 70%,Рі
С€РѕРєРѕР»Р°Рґ С‡РµСЂРЅС‹Р№ РіРѕСЂСЊРєРёР№ 75%,С‡. Р».
С€РѕРєРѕР»Р°Рґ С‡РµСЂРЅС‹Р№ РіРѕСЂСЊРєРёР№ 85%,Рі
С€РѕСЂС‚РµРЅРёРЅРі,СЃС‚Р°РєР°РЅ
С€РїРёРє,С€С‚.
С€РїРёРє РєРѕРїС‡РµРЅС‹Р№,Рі
С€РїРёРЅР°С‚,Рі
С€РїРёРЅР°С‚ Р·Р°РјРѕСЂРѕР¶РµРЅРЅС‹Р№,Рі
С€РїРёРЅР°С‚ РјРѕР»РѕРґРѕР№,Рі
С€РїРёРЅР°С‚ СЃРІРµР¶РёР№,Рі
С€РїСЂРѕС‚С‹,Рі
С€РїСЂРѕС‚С‹ РІ РјР°СЃР»Рµ,Рі
С€СЂРѕС‚,Рі
С‰Р°РІРµР»СЊ Р·Р°РјРѕСЂРѕР¶РµРЅРЅС‹Р№,Рі
С‰Р°РІРµР»СЊ СЃРІРµР¶РёР№,РІРµС‚РѕС‡РєР°
С‰СѓРєР°,Рі
С‰СѓРєР° С„РёР»Рµ,Рі
СЌРіРі-РЅРѕРі,СЃС‚Р°РєР°РЅ
СЌРґР°Рј,Рі
СЌР»СЊ,РјР»
СЌРјРјРµРЅС‚Р°Р»СЊ,Рі
СЌСЃРєР°Р»РѕРї,Рі
СЌСЃС‚СЂР°РіРѕРЅ,Рі
СЌСЃС‚СЂР°РіРѕРЅ СЃСѓС€РµРЅС‹Р№,РІРµС‚РѕС‡РєР°
СЏР±Р»РѕРєРё,Рі
СЏР±Р»РѕРєРё Р°РЅС‚РѕРЅРѕРІРєР°,РєРі
СЏР±Р»РѕРєРё РіР°Р»Р°,Рі
СЏР±Р»РѕРєРё РіРѕР»РґРµРЅ,Рі
СЏР±Р»РѕРєРё РіСЂРµРЅРЅРё СЃРјРёС‚,РєРі
СЏР±Р»РѕРєРё Р·РµР»РµРЅС‹Рµ,Рі
СЏР±Р»РѕРєРё РєСЂР°СЃРЅС‹Рµ,С€С‚.
СЏР±Р»РѕРєРё РјРѕС‡РµРЅС‹Рµ,С€С‚.
СЏР±Р»РѕРєРё РЅРµС‚РІРµСЂРґС‹С… СЃРѕСЂС‚РѕРІ,Рі
СЏР±Р»РѕРєРё СЃР»Р°РґРєРёРµ,Рі
СЏР±Р»РѕРєРё СЃСѓС€РµРЅС‹Рµ,Рі
СЏР±Р»РѕС‡РЅР°СЏ СЌСЃСЃРµРЅС†РёСЏ,С‡. Р».
СЏР±Р»РѕС‡РЅРѕРµ РІР°СЂРµРЅСЊРµ,Рі
СЏР±Р»РѕС‡РЅРѕРµ РїРѕРІРёРґР»Рѕ,Рі
СЏР±Р»РѕС‡РЅРѕРµ РїСЋСЂРµ,Рі
СЏР±Р»РѕС‡РЅС‹Рµ С‡РёРїСЃС‹,СЃС‚Р°РєР°РЅ
СЏР±Р»РѕС‡РЅС‹Р№ РґР¶РµРј,Рі
СЏР±Р»РѕС‡РЅС‹Р№ СЃРёСЂРѕРї,СЃС‚. Р».
СЏР±Р»РѕС‡РЅС‹Р№ СЃРѕРє,Рі
СЏР±Р»РѕС‡РЅС‹Р№ СЃРѕСѓСЃ,СЃС‚. Р».
СЏР±Р»РѕС‡РЅС‹Р№ СѓРєСЃСѓСЃ,Рі
СЏРіРЅСЏС‚РёРЅР°,Рі
СЏРіРЅСЏС‚РёРЅР° РєРѕСЃС‚СЂРµС†,Рі
СЏРіРЅСЏС‚РёРЅР° С„Р°СЂС€,Рі
СЏРіРЅСЏС‡СЊРё РѕС‚Р±РёРІРЅС‹Рµ РЅР° РєРѕСЃС‚РѕС‡РєРµ,С€С‚.
СЏРіРЅСЏС‡СЊСЏ РіРѕР»РµРЅСЊ РЅР°СЂСѓР±Р»РµРЅРЅР°СЏ,Рі
СЏРіРЅСЏС‡СЊСЏ РєРѕСЂРµР№РєР°,Рі
СЏРіРѕРґРЅРѕРµ РІР°СЂРµРЅСЊРµ,СЃС‚. Р».
СЏРіРѕРґРЅРѕРµ Р¶РµР»Рµ,Рі
СЏРіРѕРґРЅС‹Р№ СЃРёСЂРѕРї,Рі
СЏРіРѕРґРЅС‹Р№ СЃРѕРє,Рі
СЏРіРѕРґРЅС‹Р№ СЃРѕСѓСЃ РєРёСЃР»С‹Р№,Рі
СЏРіРѕРґС‹,Рі
СЏРіРѕРґС‹ РІСЏР»РµРЅС‹Рµ,РїРѕ РІРєСѓСЃСѓ
СЏРіРѕРґС‹ Р·Р°РјРѕСЂРѕР¶РµРЅРЅС‹Рµ,Рі
СЏРіРѕРґС‹ Р»РµСЃРЅС‹Рµ,Рі
СЏРіРѕРґС‹ Р»РµСЃРЅС‹Рµ Р·Р°РјРѕСЂРѕР¶РµРЅРЅС‹Рµ,Рі
СЏРёС‡РЅС‹Рµ Р±РµР»РєРё,Рі
СЏРёС‡РЅС‹Рµ Р¶РµР»С‚РєРё,Рі
СЏРёС‡РЅС‹Рµ Р¶РµР»С‚РєРё РІР°СЂРµРЅС‹Рµ,С€С‚.
СЏРёС‡РЅС‹Рµ Р¶РµР»С‚РєРё РєСЂСѓРїРЅС‹Рµ,Рі
СЏРёС‡РЅС‹Р№ РјРµР»Р°РЅР¶,Рі
СЏРёС‡РЅС‹Р№ РїРѕСЂРѕС€РѕРє,СЃС‚. Р».
СЏР№С†Р° РєСѓСЂРёРЅС‹Рµ,Рі
СЏР№С†Р° РєСѓСЂРёРЅС‹Рµ РєСЂСѓРїРЅС‹Рµ,Рі
СЏР№С†Р° РїРµСЂРµРїРµР»РёРЅС‹Рµ,Рі
СЏРїРѕРЅСЃРєР°СЏ РєСЂРѕС€РєР° РїР°РЅРєРѕ,Рі
СЏС‡РјРµРЅРЅС‹Рµ С…Р»РѕРїСЊСЏ,Рі
СЏС‡РјРµРЅСЊ,Рі
СЏС‡РЅРµРІР°СЏ РєСЂСѓРїР°,Рі
